team_name,sent_overall,sent_espn,sent_google,sent_headlines,sent_recent,sent_pct_positive_articles,sent_pct_negative_articles,inj_mention_rate,inj_severity_score,inj_article_count_norm,inj_key_player_flag,inj_sentiment,lineup_change_signal,lineup_starter_mention_rate,lineup_benched_signal,lineup_roster_instability,lineup_sentiment,momentum_win_mention_rate,momentum_loss_mention_rate,momentum_score,momentum_slump_score,momentum_net,momentum_win_loss_ratio,ctx_coaching_mention_rate,ctx_coaching_instability,ctx_ranking_mention_rate,ctx_fatigue_signal,ctx_home_away_context,data_total_articles_norm,data_source_diversity,data_confidence
Abilene Chr.,0.308775,0.0,0.308775,0.13913999999999999,-0.17307999999999998,0.45,0.2,0.0,0.0,0.0,0.0,0.0,0.0,0.0,0.0,0.0,0.0,0.3,0.15,0.15,0.1,0.04999999999999999,2.0,0.15,1.0,0.15,0.0,0.0,0.5714285714285714,0.25,0.4107142857142857
Air Force,0.4966749999999999,0.0,0.4966749999999999,0.3425849999999999,0.8545399999999999,0.75,0.1,0.05,0.0,0.0,0.0,0.0,0.0,0.0,0.0,0.025,0.0,0.45,0.15,0.15,0.15,0.0,3.0,0.3,1.0,0.2,0.0,0.0,0.5714285714285714,0.25,0.4107142857142857
Akron,0.33363,0.0,0.33363,0.16247499999999998,0.3348,0.45,0.1,0.0,0.0,0.0,0.0,0.0,0.0,0.0,0.0,0.0,0.0,0.35,0.15,0.2,0.15,0.05000000000000002,2.3333333333333335,0.15,1.0,0.2,0.0,0.0,0.5714285714285714,0.25,0.4107142857142857
Alabama,0.21814,0.0,0.21814,-0.003935000000000008,-0.0843,0.45,0.15,0.0,0.0,0.0,0.0,0.0,0.0,0.0,0.0,0.0,0.0,0.15,0.15,0.2,0.15,0.05000000000000002,1.0,0.15,1.0,0.15,0.1,0.0,0.5714285714285714,0.25,0.4107142857142857
Alabama A&M,0.6296899999999999,0.0,0.6296899999999999,0.46064,0.9216999999999999,0.7,0.0,0.0,0.0,0.0,0.0,0.0,0.0,0.0,0.0,0.0,0.0,0.65,0.15,0.15,0.1,0.04999999999999999,4.333333333333334,0.2,1.0,0.1,0.0,0.0,0.5714285714285714,0.25,0.4107142857142857
Alabama St.,0.13904,0.0,0.13904,0.014775000000000005,0.03832000000000002,0.4,0.3,0.0,0.0,0.0,0.0,0.0,0.0,0.0,0.0,0.0,0.0,0.3,0.15,0.2,0.05,0.15000000000000002,2.0,0.2,1.0,0.1,0.0,0.0,0.5714285714285714,0.25,0.4107142857142857
Alcorn St.,0.36186999999999997,0.0,0.36186999999999997,0.20467,0.35812,0.5,0.1,0.0,0.0,0.0,0.0,0.0,0.0,0.0,0.0,0.0,0.0,0.4,0.15,0.2,0.15,0.05000000000000002,2.666666666666667,0.2,1.0,0.15,0.0,0.0,0.5714285714285714,0.25,0.4107142857142857
American,0.24921499999999996,0.0,0.24921499999999996,0.074055,0.29086,0.45,0.05,0.0,0.0,0.0,0.0,0.0,0.0,0.0,0.0,0.0,0.0,0.2,0.15,0.15,0.1,0.04999999999999999,1.3333333333333335,0.2,1.0,0.35,0.0,0.0,0.5714285714285714,0.25,0.4107142857142857
App. St.,0.251295,0.0,0.251295,0.115075,-0.13282,0.4,0.1,0.0,0.0,0.0,0.0,0.0,0.0,0.0,0.0,0.0,0.0,0.3,0.15,0.2,0.05,0.15000000000000002,2.0,0.15,1.0,0.15,0.0,0.0,0.5714285714285714,0.25,0.4107142857142857
Arizona,0.257695,0.0,0.257695,0.05425,0.15277999999999997,0.6,0.2,0.0,0.0,0.0,0.0,0.0,0.0,0.0,0.0,0.0,0.0,0.25,0.15,0.15,0.0,0.15,1.6666666666666667,0.15,0.0,0.4,0.0,0.0,0.5714285714285714,0.25,0.4107142857142857
Arizona St.,0.114815,0.0,0.114815,-0.02275,0.13468,0.3,0.15,0.0,0.0,0.0,0.0,0.0,0.0,0.0,0.0,0.0,0.0,0.15,0.15,0.15,0.1,0.04999999999999999,1.0,0.25,1.0,0.2,0.0,0.0,0.5714285714285714,0.25,0.4107142857142857
Ark.-Pine Bluff,0.487965,0.0,0.487965,0.33728499999999995,0.36868,0.55,0.0,0.0,0.0,0.0,0.0,0.0,0.0,0.0,0.0,0.0,0.0,0.4,0.15,0.2,0.05,0.15000000000000002,2.666666666666667,0.15,1.0,0.05,0.0,0.0,0.5714285714285714,0.25,0.4107142857142857
Arkansas,0.23944999999999994,0.0,0.23944999999999994,0.113725,0.13870000000000002,0.6,0.2,0.0,0.0,0.0,0.0,0.0,0.0,0.0,0.0,0.0,0.0,0.2,0.15,0.15,0.15,0.0,1.3333333333333335,0.15,1.0,0.35,0.0,0.0,0.5714285714285714,0.25,0.4107142857142857
Arkansas St.,0.433385,0.0,0.433385,0.22041499999999997,0.18434,0.55,0.05,0.0,0.0,0.0,0.0,0.0,0.0,0.0,0.0,0.0,0.0,0.4,0.15,0.2,0.15,0.05000000000000002,2.666666666666667,0.2,1.0,0.25,0.0,0.0,0.5714285714285714,0.25,0.4107142857142857
Army,0.221875,0.0,0.221875,0.0035350000000000104,0.016799999999999992,0.35,0.1,0.0,0.0,0.0,0.0,0.0,0.0,0.0,0.0,0.0,0.0,0.3,0.15,0.15,0.05,0.09999999999999999,2.0,0.15,1.0,0.05,0.0,0.0,0.5714285714285714,0.25,0.4107142857142857
Auburn,0.12356500000000001,0.0,0.12356500000000001,-0.08806,0.01239999999999999,0.35,0.2,0.0,0.0,0.0,0.0,0.0,0.0,0.0,0.0,0.0,0.0,0.3,0.2,0.15,0.1,0.04999999999999999,1.4999999999999998,0.25,1.0,0.25,0.0,0.0,0.5714285714285714,0.25,0.4107142857142857
Austin Peay,0.5797449999999998,0.0,0.5797449999999998,0.379465,0.73736,0.65,0.05,0.0,0.0,0.0,0.0,0.0,0.0,0.0,0.0,0.0,0.0,0.5,0.15,0.15,0.1,0.04999999999999999,3.3333333333333335,0.25,1.0,0.15,0.0,0.0,0.5714285714285714,0.25,0.4107142857142857
BYU,0.282315,0.0,0.282315,0.08171500000000001,-0.05848,0.5,0.1,0.0,0.0,0.0,0.0,0.0,0.0,0.0,0.0,0.0,0.0,0.2,0.15,0.2,0.1,0.1,1.3333333333333335,0.2,1.0,0.25,0.05,0.0,0.5714285714285714,0.25,0.4107142857142857
Ball St.,0.27867000000000003,0.0,0.27867000000000003,0.09644,0.0,0.5,0.05,0.0,0.0,0.0,0.0,0.0,0.0,0.0,0.0,0.0,0.0,0.15,0.15,0.15,0.05,0.09999999999999999,1.0,0.15,1.0,0.45,0.0,0.0,0.5714285714285714,0.25,0.4107142857142857
Baylor,-0.023795,0.0,-0.023795,-0.18379500000000001,-0.21223999999999998,0.3,0.4,0.0,0.0,0.0,0.0,0.0,0.0,0.0,0.0,0.0,0.0,0.2,0.2,0.15,0.2,-0.05000000000000002,1.0,0.15,1.0,0.15,0.0,0.0,0.5714285714285714,0.25,0.4107142857142857
Bellarmine,0.5475749999999999,0.0,0.5475749999999999,0.32511499999999993,0.55302,0.6,0.0,0.0,0.0,0.0,0.0,0.0,0.0,0.0,0.0,0.0,0.0,0.45,0.15,0.2,0.1,0.1,3.0,0.15,1.0,0.1,0.0,0.0,0.5714285714285714,0.25,0.4107142857142857
Belmont,0.40738,0.0,0.40738,0.20089,0.46044,0.5,0.05,0.0,0.0,0.0,0.0,0.0,0.0,0.0,0.0,0.0,0.0,0.45,0.15,0.15,0.1,0.04999999999999999,3.0,0.2,1.0,0.1,0.0,0.0,0.5714285714285714,0.25,0.4107142857142857
Bethune-Cook.,0.6512899999999998,0.0,0.6512899999999998,0.38428499999999993,0.73736,0.75,0.0,0.0,0.0,0.0,0.0,0.0,0.0,0.0,0.0,0.0,0.0,0.65,0.2,0.2,0.15,0.05000000000000002,3.25,0.15,1.0,0.2,0.0,0.0,0.5714285714285714,0.25,0.4107142857142857
Binghamton,0.46787,0.0,0.46787,0.29169999999999996,0.35544000000000003,0.55,0.0,0.0,0.0,0.0,0.0,0.0,0.0,0.0,0.0,0.0,0.0,0.35,0.15,0.15,0.05,0.09999999999999999,2.3333333333333335,0.15,1.0,0.05,0.0,0.0,0.5714285714285714,0.25,0.4107142857142857
Boise St.,0.371015,0.0,0.371015,0.19040500000000002,0.33863999999999994,0.6,0.15,0.0,0.0,0.0,0.0,0.0,0.0,0.0,0.0,0.0,0.0,0.4,0.15,0.2,0.15,0.05000000000000002,2.666666666666667,0.25,1.0,0.2,0.0,0.0,0.5714285714285714,0.25,0.4107142857142857
Boston College,0.20543999999999998,0.0,0.20543999999999998,0.092685,0.06974000000000001,0.35,0.15,0.0,0.0,0.0,0.0,0.0,0.0,0.0,0.0,0.0,0.0,0.15,0.15,0.3,0.15,0.15,1.0,0.3,1.0,0.15,0.0,0.0,0.5714285714285714,0.25,0.4107142857142857
Boston U.,0.4300149999999999,0.0,0.4300149999999999,0.26083,0.53318,0.55,0.1,0.0,0.0,0.0,0.0,0.0,0.0,0.0,0.0,0.0,0.0,0.55,0.15,0.2,0.1,0.1,3.666666666666667,0.2,1.0,0.1,0.0,0.0,0.5714285714285714,0.25,0.4107142857142857
Bowling Green,0.6535949999999999,0.0,0.6535949999999999,0.447185,0.73736,0.75,0.0,0.0,0.0,0.0,0.0,0.0,0.0,0.0,0.0,0.0,0.0,0.65,0.15,0.15,0.1,0.04999999999999999,4.333333333333334,0.15,1.0,0.1,0.0,0.0,0.5714285714285714,0.25,0.4107142857142857
Bradley,0.4160421052631578,0.0,0.4160421052631578,0.2735263157894737,0.45177999999999996,0.5789473684210527,0.05263157894736842,0.0,0.0,0.0,0.0,0.0,0.0,0.0,0.0,0.0,0.0,0.3157894736842105,0.15789473684210525,0.21052631578947367,0.05263157894736842,0.15789473684210525,2.0,0.21052631578947367,1.0,0.10526315789473684,0.0,0.0,0.5428571428571428,0.25,0.3964285714285714
Brown,0.34524999999999995,0.0,0.34524999999999995,0.11765,0.020599999999999972,0.6,0.05,0.0,0.0,0.0,0.0,0.0,0.0,0.0,0.0,0.0,0.0,0.25,0.15,0.15,0.15,0.0,1.6666666666666667,0.2,1.0,0.45,0.0,0.0,0.5714285714285714,0.25,0.4107142857142857
Bryant,0.45802,0.0,0.45802,0.25866,0.73736,0.65,0.2,0.0,0.0,0.0,0.0,0.0,0.0,0.0,0.0,0.0,0.0,0.5,0.15,0.25,0.0,0.25,3.3333333333333335,0.15,0.0,0.0,0.0,0.0,0.5714285714285714,0.25,0.4107142857142857
Bucknell,0.613435,0.0,0.613435,0.37106999999999996,0.62938,0.7,0.0,0.0,0.0,0.0,0.0,0.0,0.0,0.0,0.0,0.0,0.0,0.45,0.15,0.15,0.05,0.09999999999999999,3.0,0.15,1.0,0.15,0.0,0.0,0.5714285714285714,0.25,0.4107142857142857
Buffalo,0.2991,0.0,0.2991,0.09883,0.29232,0.45,0.2,0.0,0.0,0.0,0.0,0.0,0.0,0.0,0.0,0.0,0.0,0.4,0.15,0.15,0.05,0.09999999999999999,2.666666666666667,0.15,1.0,0.05,0.0,0.0,0.5714285714285714,0.25,0.4107142857142857
Butler,0.4785849999999999,0.0,0.4785849999999999,0.280425,0.9216999999999999,0.55,0.05,0.0,0.0,0.0,0.0,0.0,0.0,0.0,0.0,0.0,0.0,0.5,0.15,0.15,0.1,0.04999999999999999,3.3333333333333335,0.15,1.0,0.1,0.0,0.0,0.5714285714285714,0.25,0.4107142857142857
C. Carolina,0.251325,0.0,0.251325,0.088155,0.34625999999999996,0.5,0.1,0.0,0.0,0.0,0.0,0.0,0.0,0.0,0.0,0.0,0.0,0.2,0.15,0.15,0.15,0.0,1.3333333333333335,0.15,1.0,0.45,0.0,0.0,0.5714285714285714,0.25,0.4107142857142857
C. Michigan,0.198005,0.0,0.198005,0.10825499999999999,-0.005300000000000016,0.45,0.2,0.0,0.0,0.0,0.0,0.0,0.0,0.0,0.0,0.0,0.0,0.15,0.15,0.15,0.05,0.09999999999999999,1.0,0.15,1.0,0.3,0.0,0.0,0.5714285714285714,0.25,0.4107142857142857
CCSU,0.147905,0.0,0.147905,0.02479000000000001,0.11717999999999999,0.35,0.15,0.0,0.0,0.0,0.0,0.0,0.0,0.0,0.0,0.0,0.0,0.2,0.15,0.15,0.15,0.0,1.3333333333333335,0.15,1.0,0.15,0.0,0.0,0.5714285714285714,0.25,0.4107142857142857
CS Fullerton,0.6179549999999999,0.0,0.6179549999999999,0.4287949999999999,0.9216999999999999,0.7,0.0,0.0,0.0,0.0,0.0,0.0,0.0,0.0,0.0,0.0,0.0,0.65,0.15,0.15,0.05,0.09999999999999999,4.333333333333334,0.15,1.0,0.05,0.0,0.0,0.5714285714285714,0.25,0.4107142857142857
CSNorthridge,0.79504,0.0,0.79504,0.600655,0.9216999999999999,0.9,0.05,0.0,0.0,0.0,0.0,0.0,0.0,0.0,0.0,0.0,0.0,0.7,0.2,0.15,0.1,0.04999999999999999,3.4999999999999996,0.15,1.0,0.1,0.0,0.0,0.5714285714285714,0.25,0.4107142857142857
Cal Baptist,0.39754500000000004,0.0,0.39754500000000004,0.252385,0.19266,0.45,0.05,0.0,0.0,0.0,0.0,0.0,0.0,0.0,0.0,0.0,0.0,0.35,0.15,0.15,0.05,0.09999999999999999,2.3333333333333335,0.15,1.0,0.1,0.0,0.0,0.5714285714285714,0.25,0.4107142857142857
Cal Poly,0.5561949999999999,0.0,0.5561949999999999,0.42238999999999993,0.73736,0.6,0.0,0.0,0.0,0.0,0.0,0.0,0.0,0.0,0.0,0.0,0.0,0.55,0.15,0.15,0.1,0.04999999999999999,3.666666666666667,0.15,1.0,0.1,0.0,0.0,0.5714285714285714,0.25,0.4107142857142857
Cal-Baker.,0.183545,0.0,0.183545,0.03966,0.0,0.35,0.05,0.0,0.0,0.0,0.0,0.0,0.0,0.0,0.0,0.0,0.0,0.2,0.15,0.15,0.1,0.04999999999999999,1.3333333333333335,0.3,1.0,0.1,0.0,0.0,0.5714285714285714,0.25,0.4107142857142857
California,0.23727368421052633,0.0,0.23727368421052633,0.07148421052631578,0.0,0.3684210526315789,0.05263157894736842,0.0,0.0,0.0,0.0,0.0,0.0,0.0,0.0,0.0,0.0,0.21052631578947367,0.15789473684210525,0.15789473684210525,0.10526315789473684,0.05263157894736842,1.3333333333333333,0.15789473684210525,1.0,0.15789473684210525,0.0,0.0,0.5428571428571428,0.25,0.3964285714285714
Campbell,0.4936749999999999,0.0,0.4936749999999999,0.3300449999999999,0.4321,0.65,0.15,0.0,0.0,0.0,0.0,0.0,0.0,0.0,0.0,0.0,0.0,0.55,0.15,0.15,0.05,0.09999999999999999,3.666666666666667,0.15,1.0,0.05,0.0,0.0,0.5714285714285714,0.25,0.4107142857142857
Canisius,0.870595,0.0,0.870595,0.5952900000000001,0.9216999999999999,0.95,0.0,0.0,0.0,0.0,0.0,0.0,0.0,0.0,0.0,0.0,0.0,0.75,0.15,0.15,0.1,0.04999999999999999,5.0,0.15,1.0,0.1,0.0,0.0,0.5714285714285714,0.25,0.4107142857142857
Cent. Arkansas,0.24396500000000004,0.0,0.24396500000000004,0.07128,0.07636,0.4,0.05,0.0,0.0,0.0,0.0,0.0,0.0,0.0,0.0,0.0,0.0,0.15,0.15,0.15,0.15,0.0,1.0,0.15,1.0,0.35,0.0,0.0,0.5714285714285714,0.25,0.4107142857142857
Charleston,0.277355,0.0,0.277355,0.09325000000000001,-0.14006000000000002,0.4,0.05,0.0,0.0,0.0,0.0,0.0,0.0,0.0,0.0,0.0,0.0,0.2,0.15,0.2,0.05,0.15000000000000002,1.3333333333333335,0.2,1.0,0.05,0.0,0.0,0.5714285714285714,0.25,0.4107142857142857
Charleston So.,0.25187499999999996,0.0,0.25187499999999996,0.103945,0.1711,0.4,0.05,0.0,0.0,0.0,0.0,0.0,0.0,0.0,0.0,0.0,0.0,0.2,0.15,0.25,0.15,0.1,1.3333333333333335,0.15,1.0,0.25,0.0,0.0,0.5714285714285714,0.25,0.4107142857142857
Charlotte,0.24033,0.0,0.24033,0.06582000000000002,0.36436,0.5,0.15,0.0,0.0,0.0,0.0,0.0,0.0,0.0,0.0,0.0,0.0,0.25,0.15,0.15,0.15,0.0,1.6666666666666667,0.2,1.0,0.25,0.0,0.0,0.5714285714285714,0.25,0.4107142857142857
Chattanooga,0.7787749999999999,0.0,0.7787749999999999,0.5401900000000002,0.90846,0.9,0.0,0.0,0.0,0.0,0.0,0.0,0.0,0.0,0.0,0.0,0.0,0.5,0.15,0.2,0.15,0.05000000000000002,3.3333333333333335,0.15,1.0,0.15,0.0,0.0,0.5714285714285714,0.25,0.4107142857142857
Chicago St.,0.150275,0.0,0.150275,-0.006984999999999998,-0.04334000000000001,0.3,0.15,0.0,0.0,0.0,0.0,0.0,0.0,0.0,0.0,0.0,0.0,0.25,0.15,0.2,0.1,0.1,1.6666666666666667,0.25,1.0,0.2,0.0,0.0,0.5714285714285714,0.25,0.4107142857142857
Cincinnati,0.00944,0.0,0.00944,-0.11348500000000002,0.0,0.15,0.2,0.0,0.0,0.0,0.0,0.0,0.0,0.0,0.0,0.0,0.0,0.25,0.15,0.25,0.15,0.1,1.6666666666666667,0.15,1.0,0.15,0.05,0.0,0.5714285714285714,0.25,0.4107142857142857
Clemson,0.127725,0.0,0.127725,-0.067685,-0.024140000000000005,0.3,0.15,0.05,0.0,0.0,0.0,0.0,0.0,0.0,0.0,0.025,0.0,0.35,0.15,0.15,0.15,0.0,2.3333333333333335,0.25,1.0,0.25,0.0,0.0,0.5714285714285714,0.25,0.4107142857142857
Clev. St.,0.380495,0.0,0.380495,0.204805,0.25423999999999997,0.55,0.15,0.0,0.0,0.0,0.0,0.0,0.0,0.0,0.0,0.0,0.0,0.35,0.15,0.15,0.15,0.0,2.3333333333333335,0.4,1.0,0.15,0.0,0.0,0.5714285714285714,0.25,0.4107142857142857
Colgate,0.428155,0.0,0.428155,0.24242,0.35544000000000003,0.5,0.0,0.0,0.0,0.0,0.0,0.0,0.0,0.0,0.0,0.0,0.0,0.3,0.15,0.15,0.15,0.0,2.0,0.15,1.0,0.2,0.0,0.0,0.5714285714285714,0.25,0.4107142857142857
Colo. St.,0.03334999999999998,0.0,0.03334999999999998,-0.05972500000000001,-0.30457999999999996,0.3,0.3,0.05,0.0,0.0,0.0,0.0,0.0,0.0,0.0,0.025,0.0,0.2,0.15,0.2,0.05,0.15000000000000002,1.3333333333333335,0.2,1.0,0.1,0.0,0.0,0.5714285714285714,0.25,0.4107142857142857
Colorado,0.34816,0.0,0.34816,0.14439,-0.11368,0.5,0.1,0.0,0.0,0.0,0.0,0.0,0.0,0.0,0.0,0.0,0.0,0.35,0.15,0.2,0.1,0.1,2.3333333333333335,0.2,1.0,0.15,0.0,0.0,0.5714285714285714,0.25,0.4107142857142857
Columbia,0.15990000000000001,0.0,0.15990000000000001,0.057347368421052626,0.0,0.21052631578947367,0.05263157894736842,0.0,0.0,0.0,0.0,0.0,0.0,0.0,0.0,0.0,0.0,0.2631578947368421,0.15789473684210525,0.15789473684210525,0.10526315789473684,0.05263157894736842,1.6666666666666667,0.15789473684210525,1.0,0.10526315789473684,0.0,0.0,0.5428571428571428,0.25,0.3964285714285714
Coppin St.,0.28779000000000005,0.0,0.28779000000000005,0.1448,0.55302,0.45,0.25,0.0,0.0,0.0,0.0,0.0,0.0,0.0,0.0,0.0,0.0,0.35,0.15,0.2,0.15,0.05000000000000002,2.3333333333333335,0.15,1.0,0.2,0.0,0.0,0.5714285714285714,0.25,0.4107142857142857
Cornell,0.5059699999999999,0.0,0.5059699999999999,0.32012499999999994,0.9216999999999999,0.55,0.0,0.0,0.0,0.0,0.0,0.0,0.0,0.0,0.0,0.0,0.0,0.45,0.15,0.25,0.1,0.15,3.0,0.2,1.0,0.1,0.0,0.0,0.5714285714285714,0.25,0.4107142857142857
Creighton,0.209375,0.0,0.209375,0.03738,0.07642,0.25,0.05,0.0,0.0,0.0,0.0,0.0,0.0,0.0,0.0,0.0,0.0,0.3,0.15,0.15,0.05,0.09999999999999999,2.0,0.2,1.0,0.15,0.0,0.0,0.5714285714285714,0.25,0.4107142857142857
Dartmouth,0.7810149999999999,0.0,0.7810149999999999,0.5228200000000001,0.9314599999999998,0.85,0.0,0.0,0.0,0.0,0.0,0.0,0.0,0.0,0.0,0.0,0.0,0.7,0.15,0.2,0.1,0.1,4.666666666666667,0.15,1.0,0.1,0.0,0.0,0.5714285714285714,0.25,0.4107142857142857
Davidson,0.6671049999999998,0.0,0.6671049999999998,0.45574000000000003,0.9216999999999999,0.8,0.0,0.0,0.0,0.0,0.0,0.0,0.0,0.0,0.0,0.0,0.0,0.6,0.15,0.25,0.15,0.1,4.0,0.15,1.0,0.15,0.0,0.0,0.5714285714285714,0.25,0.4107142857142857
Dayton,0.31592000000000003,0.0,0.31592000000000003,0.12348500000000003,0.53318,0.5,0.15,0.0,0.0,0.0,0.0,0.0,0.0,0.0,0.0,0.0,0.0,0.4,0.15,0.2,0.05,0.15000000000000002,2.666666666666667,0.15,1.0,0.05,0.0,0.0,0.5714285714285714,0.25,0.4107142857142857
DePaul,0.3134449999999999,0.0,0.3134449999999999,0.10513000000000002,0.47666000000000003,0.4,0.1,0.0,0.0,0.0,0.0,0.0,0.0,0.0,0.0,0.0,0.0,0.45,0.15,0.2,0.15,0.05000000000000002,3.0,0.2,1.0,0.15,0.0,0.0,0.5714285714285714,0.25,0.4107142857142857
Delaware,0.741405,0.0,0.741405,0.491515,0.9228400000000001,0.8,0.0,0.0,0.0,0.0,0.0,0.0,0.0,0.0,0.0,0.0,0.0,0.75,0.15,0.15,0.15,0.0,5.0,0.15,1.0,0.15,0.0,0.0,0.5714285714285714,0.25,0.4107142857142857
Delaware St.,0.12782500000000002,0.0,0.12782500000000002,0.05022000000000001,0.0,0.2,0.1,0.0,0.0,0.0,0.0,0.0,0.0,0.0,0.0,0.0,0.0,0.15,0.15,0.15,0.15,0.0,1.0,0.15,1.0,0.15,0.0,0.0,0.5714285714285714,0.25,0.4107142857142857
Denver,0.17665500000000003,0.0,0.17665500000000003,0.012165000000000004,-0.31892,0.4,0.25,0.0,0.0,0.0,0.0,0.0,0.0,0.0,0.0,0.0,0.0,0.35,0.15,0.15,0.15,0.0,2.3333333333333335,0.15,1.0,0.15,0.0,0.0,0.5714285714285714,0.25,0.4107142857142857
Detroit,0.39364,0.0,0.39364,0.171205,0.18168,0.55,0.0,0.0,0.0,0.0,0.0,0.0,0.0,0.0,0.0,0.0,0.0,0.25,0.15,0.15,0.1,0.04999999999999999,1.6666666666666667,0.2,1.0,0.1,0.0,0.0,0.5714285714285714,0.25,0.4107142857142857
Drake,0.08484,0.0,0.08484,-0.041585000000000004,-0.14006000000000002,0.3,0.2,0.0,0.0,0.0,0.0,0.0,0.0,0.0,0.0,0.0,0.0,0.25,0.15,0.15,0.15,0.0,1.6666666666666667,0.2,1.0,0.2,0.0,0.0,0.5714285714285714,0.25,0.4107142857142857
Drexel,0.5541449999999999,0.0,0.5541449999999999,0.36968999999999996,0.9216999999999999,0.6,0.0,0.0,0.0,0.0,0.0,0.0,0.0,0.0,0.0,0.0,0.0,0.6,0.15,0.15,0.15,0.0,4.0,0.15,1.0,0.15,0.0,0.0,0.5714285714285714,0.25,0.4107142857142857
Duke,0.264525,0.0,0.264525,0.034220000000000014,0.33862000000000003,0.55,0.3,0.0,0.0,0.0,0.0,0.0,0.0,0.0,0.0,0.0,0.0,0.3,0.15,0.15,0.05,0.09999999999999999,2.0,0.15,1.0,0.4,0.0,0.0,0.5714285714285714,0.25,0.4107142857142857
Duquesne,0.70048,0.0,0.70048,0.44859499999999997,0.9216999999999999,0.8,0.1,0.0,0.0,0.0,0.0,0.0,0.0,0.0,0.0,0.0,0.0,0.75,0.15,0.15,0.1,0.04999999999999999,5.0,0.2,1.0,0.1,0.0,0.0,0.5714285714285714,0.25,0.4107142857142857
E. Illinois,0.27508499999999997,0.0,0.27508499999999997,0.08727500000000002,0.29824,0.45,0.0,0.0,0.0,0.0,0.0,0.0,0.0,0.0,0.0,0.0,0.0,0.2,0.15,0.15,0.1,0.04999999999999999,1.3333333333333335,0.15,1.0,0.35,0.0,0.0,0.5714285714285714,0.25,0.4107142857142857
E. Kentucky,0.18732500000000002,0.0,0.18732500000000002,0.017804999999999998,0.0,0.25,0.1,0.0,0.0,0.0,0.0,0.0,0.0,0.0,0.0,0.0,0.0,0.25,0.15,0.2,0.1,0.1,1.6666666666666667,0.15,1.0,0.2,0.0,0.0,0.5714285714285714,0.25,0.4107142857142857
E. Michigan,-0.01719499999999998,0.0,-0.01719499999999998,-0.10702500000000001,-0.07636,0.15,0.3,0.0,0.0,0.0,0.0,0.0,0.0,0.0,0.0,0.0,0.0,0.15,0.15,0.2,0.1,0.1,1.0,0.15,1.0,0.15,0.0,0.0,0.5714285714285714,0.25,0.4107142857142857
E. Washington,0.24443,0.0,0.24443,0.083365,0.19267999999999996,0.4,0.05,0.0,0.0,0.0,0.0,0.0,0.0,0.0,0.0,0.0,0.0,0.15,0.15,0.15,0.1,0.04999999999999999,1.0,0.15,1.0,0.4,0.0,0.0,0.5714285714285714,0.25,0.4107142857142857
ETSU,0.23747000000000001,0.0,0.23747000000000001,0.14264,0.14006000000000002,0.35,0.05,0.05,0.0,0.0,0.0,0.0,0.0,0.0,0.0,0.025,0.0,0.2,0.15,0.2,0.15,0.05000000000000002,1.3333333333333335,0.2,1.0,0.2,0.0,0.0,0.5714285714285714,0.25,0.4107142857142857
East Carolina,0.5801149999999999,0.0,0.5801149999999999,0.3634299999999999,0.73736,0.65,0.05,0.0,0.0,0.0,0.0,0.0,0.0,0.0,0.0,0.0,0.0,0.65,0.15,0.15,0.1,0.04999999999999999,4.333333333333334,0.15,1.0,0.15,0.0,0.0,0.5714285714285714,0.25,0.4107142857142857
East Texas A&M,0.16716,0.0,0.16716,-0.031670000000000004,-0.0996,0.3,0.1,0.0,0.0,0.0,0.0,0.0,0.0,0.0,0.0,0.0,0.0,0.2,0.15,0.2,0.05,0.15000000000000002,1.3333333333333335,0.15,1.0,0.15,0.0,0.0,0.5714285714285714,0.25,0.4107142857142857
Elon,0.6514349999999999,0.0,0.6514349999999999,0.41319,0.9216999999999999,0.75,0.0,0.05,0.0,0.0,0.0,0.0,0.0,0.0,0.0,0.025,0.0,0.6,0.15,0.15,0.05,0.09999999999999999,4.0,0.2,1.0,0.05,0.0,0.0,0.5714285714285714,0.25,0.4107142857142857
Evansville,0.7061099999999999,0.0,0.7061099999999999,0.473845,0.9216999999999999,0.8,0.05,0.05,0.0,0.0,0.0,0.0,0.0,0.0,0.0,0.025,0.0,0.75,0.15,0.15,0.15,0.0,5.0,0.15,1.0,0.15,0.0,0.0,0.5714285714285714,0.25,0.4107142857142857
FAU,0.213315,0.0,0.213315,0.051305,0.11717999999999999,0.25,0.05,0.0,0.0,0.0,0.0,0.0,0.0,0.0,0.0,0.0,0.0,0.25,0.15,0.2,0.1,0.1,1.6666666666666667,0.15,1.0,0.15,0.0,0.0,0.5714285714285714,0.25,0.4107142857142857
FDU,0.36895,0.0,0.36895,0.14659499999999998,0.5133,0.55,0.1,0.0,0.0,0.0,0.0,0.0,0.0,0.0,0.0,0.0,0.0,0.2,0.15,0.15,0.15,0.0,1.3333333333333335,0.15,1.0,0.15,0.0,0.0,0.5714285714285714,0.25,0.4107142857142857
FGCU,0.14711,0.0,0.14711,0.0027999999999999995,0.12738,0.35,0.1,0.0,0.0,0.0,0.0,0.0,0.0,0.0,0.0,0.0,0.0,0.15,0.15,0.15,0.15,0.0,1.0,0.2,1.0,0.2,0.0,0.0,0.5714285714285714,0.25,0.4107142857142857
FIU,0.5208499999999999,0.0,0.5208499999999999,0.3826649999999999,0.9216999999999999,0.65,0.05,0.0,0.0,0.0,0.0,0.0,0.0,0.0,0.0,0.0,0.0,0.55,0.15,0.15,0.15,0.0,3.666666666666667,0.15,1.0,0.15,0.0,0.0,0.5714285714285714,0.25,0.4107142857142857
Fairfield,0.5790842105263158,0.0,0.5790842105263158,0.37921578947368423,0.7108800000000001,0.6842105263157895,0.05263157894736842,0.0,0.0,0.0,0.0,0.0,0.0,0.0,0.0,0.0,0.0,0.42105263157894735,0.15789473684210525,0.15789473684210525,0.05263157894736842,0.10526315789473684,2.6666666666666665,0.15789473684210525,1.0,0.05263157894736842,0.0,0.0,0.5428571428571428,0.25,0.3964285714285714
Florida,0.35729,0.0,0.35729,0.147515,0.28082,0.7,0.15,0.0,0.0,0.0,0.0,0.0,0.0,0.0,0.0,0.0,0.0,0.25,0.2,0.15,0.15,0.0,1.25,0.15,1.0,0.6,0.0,0.0,0.5714285714285714,0.25,0.4107142857142857
Florida A&M,0.606365,0.0,0.606365,0.38559499999999997,0.6605599999999999,0.7,0.0,0.05,0.0,0.0,0.0,0.0,0.0,0.0,0.0,0.025,0.0,0.6,0.15,0.2,0.1,0.1,4.0,0.65,1.0,0.1,0.0,0.0,0.5714285714285714,0.25,0.4107142857142857
Florida St.,0.36978999999999995,0.0,0.36978999999999995,0.161105,0.31722,0.7,0.05,0.0,0.0,0.0,0.0,0.0,0.0,0.0,0.0,0.0,0.0,0.25,0.15,0.15,0.1,0.04999999999999999,1.6666666666666667,0.2,1.0,0.55,0.0,0.0,0.5714285714285714,0.25,0.4107142857142857
Fordham,0.41168999999999994,0.0,0.41168999999999994,0.23052999999999998,0.63202,0.5,0.1,0.0,0.0,0.0,0.0,0.0,0.0,0.0,0.0,0.0,0.0,0.5,0.15,0.2,0.05,0.15000000000000002,3.3333333333333335,0.2,1.0,0.05,0.0,0.0,0.5714285714285714,0.25,0.4107142857142857
Fresno St.,0.2866949999999999,0.0,0.2866949999999999,0.18339000000000003,0.9216999999999999,0.5,0.2,0.0,0.0,0.0,0.0,0.0,0.0,0.0,0.0,0.0,0.0,0.4,0.15,0.15,0.15,0.0,2.666666666666667,0.2,1.0,0.15,0.0,0.0,0.5714285714285714,0.25,0.4107142857142857
Furman,0.45752999999999994,0.0,0.45752999999999994,0.27911499999999995,0.73736,0.6,0.1,0.05,0.0,0.0,0.0,0.0,0.0,0.0,0.0,0.025,0.0,0.5,0.15,0.15,0.15,0.0,3.3333333333333335,0.15,1.0,0.2,0.0,0.0,0.5714285714285714,0.25,0.4107142857142857
Ga. Southern,0.4434,0.0,0.4434,0.229755,0.36868,0.5,0.0,0.0,0.0,0.0,0.0,0.0,0.0,0.0,0.0,0.0,0.0,0.3,0.15,0.15,0.15,0.0,2.0,0.2,1.0,0.15,0.0,0.0,0.5714285714285714,0.25,0.4107142857142857
Ga. Tech,0.09083,0.0,0.09083,-0.08837500000000001,0.0,0.2,0.15,0.0,0.0,0.0,0.0,0.0,0.0,0.0,0.0,0.0,0.0,0.2,0.15,0.2,0.1,0.1,1.3333333333333335,0.2,1.0,0.2,0.0,0.0,0.5714285714285714,0.25,0.4107142857142857
Gardner-Webb,0.5034599999999999,0.0,0.5034599999999999,0.302695,0.72412,0.55,0.0,0.0,0.0,0.0,0.0,0.0,0.0,0.0,0.0,0.0,0.0,0.45,0.15,0.15,0.05,0.09999999999999999,3.0,0.15,1.0,0.05,0.0,0.0,0.5714285714285714,0.25,0.4107142857142857
George Mason,0.31948999999999994,0.0,0.31948999999999994,0.14851,0.18434,0.45,0.05,0.05,0.0,0.0,0.0,0.0,0.0,0.0,0.0,0.025,0.0,0.3,0.15,0.15,0.1,0.04999999999999999,2.0,0.25,1.0,0.25,0.05,0.0,0.5714285714285714,0.25,0.4107142857142857
George Wash.,0.20667500000000003,0.0,0.20667500000000003,0.052164999999999996,0.20495999999999998,0.3,0.05,0.0,0.0,0.0,0.0,0.0,0.0,0.0,0.0,0.0,0.0,0.2,0.15,0.15,0.05,0.09999999999999999,1.3333333333333335,0.15,1.0,0.1,0.0,0.0,0.5714285714285714,0.25,0.4107142857142857
Georgetown,0.11688999999999998,0.0,0.11688999999999998,0.03970500000000001,-0.15012,0.25,0.15,0.0,0.0,0.0,0.0,0.0,0.0,0.0,0.0,0.0,0.0,0.3,0.2,0.2,0.2,0.0,1.4999999999999998,0.25,1.0,0.15,0.0,0.0,0.5714285714285714,0.25,0.4107142857142857
Georgia,0.14896499999999996,0.0,0.14896499999999996,-0.020200000000000003,0.0026599999999999957,0.3,0.2,0.05,0.0,0.0,0.0,0.0,0.0,0.0,0.0,0.025,0.0,0.25,0.15,0.15,0.15,0.0,1.6666666666666667,0.2,1.0,0.15,0.0,0.0,0.5714285714285714,0.25,0.4107142857142857
Georgia St.,0.32882999999999996,0.0,0.32882999999999996,0.15138,0.0,0.35,0.0,0.0,0.0,0.0,0.0,0.0,0.0,0.0,0.0,0.0,0.0,0.35,0.15,0.15,0.05,0.09999999999999999,2.3333333333333335,0.2,1.0,0.1,0.0,0.0,0.5714285714285714,0.25,0.4107142857142857
Gonzaga,0.21257500000000001,0.0,0.21257500000000001,0.039115,-0.12248,0.35,0.15,0.0,0.0,0.0,0.0,0.0,0.0,0.0,0.0,0.0,0.0,0.2,0.15,0.2,0.05,0.15000000000000002,1.3333333333333335,0.15,1.0,0.25,0.0,0.0,0.5714285714285714,0.25,0.4107142857142857
Grambling St.,0.400955,0.0,0.400955,0.241235,0.5424599999999999,0.5,0.05,0.0,0.0,0.0,0.0,0.0,0.0,0.0,0.0,0.0,0.0,0.4,0.15,0.2,0.1,0.1,2.666666666666667,0.15,1.0,0.1,0.0,0.0,0.5714285714285714,0.25,0.4107142857142857
Grand Canyon,0.5969450000000001,0.0,0.5969450000000001,0.34526500000000004,0.37876000000000004,0.75,0.05,0.0,0.0,0.0,0.0,0.0,0.0,0.0,0.0,0.0,0.0,0.45,0.15,0.15,0.1,0.04999999999999999,3.0,0.15,1.0,0.15,0.0,0.0,0.5714285714285714,0.25,0.4107142857142857
Green Bay,0.48530500000000004,0.0,0.48530500000000004,0.21271500000000004,0.56222,0.65,0.05,0.0,0.0,0.0,0.0,0.0,0.0,0.0,0.0,0.0,0.0,0.45,0.2,0.2,0.0,0.2,2.25,0.3,0.0,0.05,0.05,0.0,0.5714285714285714,0.25,0.4107142857142857
Hampton,0.38765,0.0,0.38765,0.20400000000000001,0.48586,0.45,0.0,0.0,0.0,0.0,0.0,0.0,0.0,0.0,0.0,0.0,0.0,0.35,0.15,0.2,0.05,0.15000000000000002,2.3333333333333335,0.15,1.0,0.05,0.0,0.0,0.5714285714285714,0.25,0.4107142857142857
Harvard,0.557285,0.0,0.557285,0.38520999999999994,0.73736,0.6,0.0,0.0,0.0,0.0,0.0,0.0,0.0,0.0,0.0,0.0,0.0,0.5,0.15,0.15,0.15,0.0,3.3333333333333335,0.2,1.0,0.15,0.0,0.0,0.5714285714285714,0.25,0.4107142857142857
Hawaii,0.408685,0.0,0.408685,0.24457500000000004,0.26105999999999996,0.5,0.05,0.0,0.0,0.0,0.0,0.0,0.0,0.0,0.0,0.0,0.0,0.35,0.15,0.15,0.1,0.04999999999999999,2.3333333333333335,0.15,1.0,0.15,0.0,0.0,0.5714285714285714,0.25,0.4107142857142857
High Point,0.2332499999999999,0.0,0.2332499999999999,0.08171000000000002,-0.21398,0.4,0.1,0.0,0.0,0.0,0.0,0.0,0.0,0.0,0.0,0.0,0.0,0.25,0.15,0.2,0.1,0.1,1.6666666666666667,0.3,1.0,0.2,0.0,0.0,0.5714285714285714,0.25,0.4107142857142857
Hofstra,0.505105,0.0,0.505105,0.256395,0.36868,0.6,0.0,0.0,0.0,0.0,0.0,0.0,0.0,0.0,0.0,0.0,0.0,0.5,0.15,0.2,0.1,0.1,3.3333333333333335,0.15,1.0,0.1,0.0,0.0,0.5714285714285714,0.25,0.4107142857142857
Holy Cross,0.41252999999999995,0.0,0.41252999999999995,0.20577,0.73736,0.5,0.05,0.0,0.0,0.0,0.0,0.0,0.0,0.0,0.0,0.0,0.0,0.4,0.15,0.2,0.0,0.2,2.666666666666667,0.15,0.0,0.0,0.0,0.0,0.5714285714285714,0.25,0.4107142857142857
Houston,0.32288500000000003,0.0,0.32288500000000003,0.11305499999999999,0.36768,0.65,0.15,0.05,0.0,0.0,0.0,0.0,0.0,0.0,0.0,0.025,0.0,0.2,0.2,0.15,0.1,0.04999999999999999,1.0,0.15,1.0,0.45,0.0,0.0,0.5714285714285714,0.25,0.4107142857142857
Houston Chr.,0.322535,0.0,0.322535,0.10422500000000001,0.41656000000000004,0.55,0.1,0.0,0.0,0.0,0.0,0.0,0.0,0.0,0.0,0.0,0.0,0.25,0.2,0.15,0.15,0.0,1.25,0.25,1.0,0.15,0.0,0.0,0.5714285714285714,0.25,0.4107142857142857
Howard,0.47125500000000003,0.0,0.47125500000000003,0.23064500000000004,0.4305,0.65,0.0,0.0,0.0,0.0,0.0,0.0,0.0,0.0,0.0,0.0,0.0,0.35,0.15,0.15,0.1,0.04999999999999999,2.3333333333333335,0.15,1.0,0.1,0.0,0.0,0.5714285714285714,0.25,0.4107142857142857
IUI,0.2811615384615385,0.0,0.2811615384615385,0.039276923076923084,0.153,0.3076923076923077,0.0,0.0,0.0,0.0,0.0,0.0,0.0,0.0,0.0,0.0,0.0,0.23076923076923078,0.23076923076923078,0.23076923076923078,0.07692307692307693,0.15384615384615385,1.0,0.23076923076923078,1.0,0.15384615384615385,0.0,0.0,0.37142857142857144,0.25,0.3107142857142857
Idaho,0.10238499999999999,0.0,0.10238499999999999,-0.016935000000000006,0.0,0.2,0.15,0.0,0.0,0.0,0.0,0.0,0.0,0.0,0.0,0.0,0.0,0.25,0.15,0.15,0.15,0.0,1.6666666666666667,0.15,1.0,0.15,0.0,0.0,0.5714285714285714,0.25,0.4107142857142857
Idaho St.,0.40745499999999996,0.0,0.40745499999999996,0.23804999999999996,0.18434,0.55,0.1,0.0,0.0,0.0,0.0,0.0,0.0,0.0,0.0,0.0,0.0,0.55,0.15,0.15,0.1,0.04999999999999999,3.666666666666667,0.15,1.0,0.1,0.0,0.0,0.5714285714285714,0.25,0.4107142857142857
Illinois,0.361695,0.0,0.361695,0.139345,0.20425999999999997,0.65,0.1,0.0,0.0,0.0,0.0,0.0,0.0,0.0,0.0,0.0,0.0,0.25,0.15,0.15,0.05,0.09999999999999999,1.6666666666666667,0.15,1.0,0.55,0.0,0.0,0.5714285714285714,0.25,0.4107142857142857
Illinois St.,0.32220499999999996,0.0,0.32220499999999996,0.14079000000000003,0.42088000000000003,0.5,0.05,0.0,0.0,0.0,0.0,0.0,0.0,0.0,0.0,0.0,0.0,0.15,0.15,0.15,0.1,0.04999999999999999,1.0,0.2,1.0,0.55,0.0,0.0,0.5714285714285714,0.25,0.4107142857142857
Incarnate Word,0.18066500000000002,0.0,0.18066500000000002,0.031485000000000006,0.02742,0.3,0.15,0.0,0.0,0.0,0.0,0.0,0.0,0.0,0.0,0.0,0.0,0.15,0.15,0.15,0.15,0.0,1.0,0.15,1.0,0.15,0.0,0.0,0.5714285714285714,0.25,0.4107142857142857
Indiana,0.17039500000000002,0.0,0.17039500000000002,0.074655,-0.17564000000000002,0.5,0.3,0.0,0.0,0.0,0.0,0.0,0.0,0.0,0.0,0.0,0.0,0.15,0.15,0.2,0.1,0.1,1.0,0.25,1.0,0.3,0.0,0.0,0.5714285714285714,0.25,0.4107142857142857
Indiana St.,0.17072,0.0,0.17072,0.07103999999999999,-0.22311999999999999,0.35,0.15,0.0,0.0,0.0,0.0,0.0,0.0,0.0,0.0,0.0,0.0,0.25,0.2,0.15,0.1,0.04999999999999999,1.25,0.2,1.0,0.2,0.0,0.0,0.5714285714285714,0.25,0.4107142857142857
Iona,0.800325,0.0,0.800325,0.5837050000000001,0.9216999999999999,0.9,0.05,0.0,0.0,0.0,0.0,0.0,0.0,0.0,0.0,0.0,0.0,0.85,0.15,0.15,0.05,0.09999999999999999,5.666666666666667,0.15,1.0,0.05,0.0,0.0,0.5714285714285714,0.25,0.4107142857142857
Iowa,0.24061499999999997,0.0,0.24061499999999997,0.04518,0.11631999999999998,0.45,0.1,0.0,0.0,0.0,0.0,0.0,0.0,0.0,0.0,0.0,0.0,0.2,0.15,0.15,0.15,0.0,1.3333333333333335,0.2,1.0,0.55,0.0,0.0,0.5714285714285714,0.25,0.4107142857142857
Iowa St.,0.18322500000000003,0.0,0.18322500000000003,-0.008794999999999997,0.24086,0.4,0.2,0.0,0.0,0.0,0.0,0.0,0.0,0.0,0.0,0.0,0.0,0.25,0.2,0.15,0.1,0.04999999999999999,1.25,0.15,1.0,0.35,0.0,0.0,0.5714285714285714,0.25,0.4107142857142857
Jackson St.,0.301295,0.0,0.301295,0.12327500000000002,0.15272,0.45,0.05,0.0,0.0,0.0,0.0,0.0,0.0,0.0,0.0,0.0,0.0,0.25,0.15,0.15,0.15,0.0,1.6666666666666667,0.15,1.0,0.35,0.0,0.0,0.5714285714285714,0.25,0.4107142857142857
Jacksonville,0.505085,0.0,0.505085,0.28879499999999997,0.55302,0.6,0.0,0.0,0.0,0.0,0.0,0.0,0.0,0.0,0.0,0.0,0.0,0.5,0.15,0.2,0.05,0.15000000000000002,3.3333333333333335,0.15,1.0,0.05,0.0,0.0,0.5714285714285714,0.25,0.4107142857142857
James Madison,0.5062849999999999,0.0,0.5062849999999999,0.28961,0.73736,0.55,0.0,0.0,0.0,0.0,0.0,0.0,0.0,0.0,0.0,0.0,0.0,0.55,0.15,0.15,0.15,0.0,3.666666666666667,0.2,1.0,0.15,0.0,0.0,0.5714285714285714,0.25,0.4107142857142857
Jax. State,0.5872199999999999,0.0,0.5872199999999999,0.3825549999999999,0.7489,0.65,0.0,0.0,0.0,0.0,0.0,0.0,0.0,0.0,0.0,0.0,0.0,0.6,0.15,0.15,0.15,0.0,4.0,0.15,1.0,0.15,0.0,0.0,0.5714285714285714,0.25,0.4107142857142857
Kansas,0.183075,0.0,0.183075,0.04608500000000001,0.08996,0.35,0.1,0.0,0.0,0.0,0.0,0.0,0.0,0.0,0.0,0.0,0.0,0.2,0.15,0.15,0.15,0.0,1.3333333333333335,0.2,1.0,0.35,0.0,0.0,0.5714285714285714,0.25,0.4107142857142857
Kansas City,0.19912000000000002,0.0,0.19912000000000002,0.044300000000000006,0.093,0.45,0.2,0.0,0.0,0.0,0.0,0.0,0.0,0.0,0.0,0.0,0.0,0.25,0.15,0.2,0.1,0.1,1.6666666666666667,0.2,1.0,0.25,0.0,0.0,0.5714285714285714,0.25,0.4107142857142857
Kansas St.,0.023864999999999997,0.0,0.023864999999999997,-0.06774,-0.21398,0.25,0.25,0.0,0.0,0.0,0.0,0.0,0.0,0.0,0.0,0.0,0.0,0.25,0.15,0.15,0.1,0.04999999999999999,1.6666666666666667,0.35,1.0,0.2,0.0,0.0,0.5714285714285714,0.25,0.4107142857142857
Kennesaw St.,0.276715,0.0,0.276715,0.184125,0.56456,0.4,0.15,0.0,0.0,0.0,0.0,0.0,0.0,0.0,0.0,0.0,0.0,0.4,0.15,0.15,0.15,0.0,2.666666666666667,0.15,1.0,0.15,0.0,0.0,0.5714285714285714,0.25,0.4107142857142857
Kent St.,0.553005,0.0,0.553005,0.37121499999999996,0.73736,0.6,0.0,0.0,0.0,0.0,0.0,0.0,0.0,0.0,0.0,0.0,0.0,0.55,0.15,0.15,0.15,0.0,3.666666666666667,0.15,1.0,0.15,0.0,0.0,0.5714285714285714,0.25,0.4107142857142857
Kentucky,0.263185,0.0,0.263185,0.10977,0.44239999999999996,0.5,0.1,0.0,0.0,0.0,0.0,0.0,0.0,0.0,0.0,0.0,0.0,0.25,0.15,0.25,0.2,0.04999999999999999,1.6666666666666667,0.15,1.0,0.4,0.0,0.0,0.5714285714285714,0.25,0.4107142857142857
LBSU,0.54672,0.0,0.54672,0.345705,0.55302,0.7,0.1,0.0,0.0,0.0,0.0,0.0,0.0,0.0,0.0,0.0,0.0,0.6,0.15,0.2,0.05,0.15000000000000002,4.0,0.2,1.0,0.05,0.0,0.0,0.5714285714285714,0.25,0.4107142857142857
LIU,0.307325,0.0,0.307325,0.14128500000000002,-0.14006000000000002,0.4,0.1,0.0,0.0,0.0,0.0,0.0,0.0,0.0,0.0,0.0,0.0,0.3,0.15,0.2,0.05,0.15000000000000002,2.0,0.15,1.0,0.05,0.0,0.0,0.5714285714285714,0.25,0.4107142857142857
LMU,0.8026449999999998,0.0,0.8026449999999998,0.51719,0.9216999999999999,0.9,0.0,0.0,0.0,0.0,0.0,0.0,0.0,0.0,0.0,0.0,0.0,0.8,0.15,0.2,0.15,0.05000000000000002,5.333333333333334,0.2,1.0,0.15,0.0,0.0,0.5714285714285714,0.25,0.4107142857142857
LSU,0.11926842105263157,0.0,0.11926842105263157,-0.055136842105263165,0.18864,0.2631578947368421,0.15789473684210525,0.0,0.0,0.0,0.0,0.0,0.0,0.0,0.0,0.0,0.0,0.15789473684210525,0.15789473684210525,0.2631578947368421,0.05263157894736842,0.21052631578947367,1.0,0.2631578947368421,1.0,0.15789473684210525,0.0,0.0,0.5428571428571428,0.25,0.3964285714285714
La Salle,0.205165,0.0,0.205165,0.08878000000000001,0.55302,0.4,0.3,0.0,0.0,0.0,0.0,0.0,0.0,0.0,0.0,0.0,0.0,0.4,0.15,0.2,0.1,0.1,2.666666666666667,0.25,1.0,0.1,0.0,0.0,0.5714285714285714,0.25,0.4107142857142857
La. Tech,0.6651368421052632,0.0,0.6651368421052632,0.46257894736842103,0.6858799999999999,0.7368421052631579,0.0,0.05263157894736842,0.0,0.0,0.0,0.0,0.0,0.0,0.0,0.02631578947368421,0.0,0.5263157894736842,0.15789473684210525,0.21052631578947367,0.15789473684210525,0.05263157894736842,3.3333333333333335,0.15789473684210525,1.0,0.21052631578947367,0.0,0.0,0.5428571428571428,0.25,0.3964285714285714
Lafayette,0.49926499999999996,0.0,0.49926499999999996,0.30133499999999996,0.9216999999999999,0.65,0.15,0.0,0.0,0.0,0.0,0.0,0.0,0.0,0.0,0.0,0.0,0.6,0.2,0.25,0.05,0.2,2.9999999999999996,0.15,1.0,0.1,0.0,0.0,0.5714285714285714,0.25,0.4107142857142857
Lamar,0.5891249999999999,0.0,0.5891249999999999,0.3938499999999999,0.9216999999999999,0.65,0.05,0.05,0.0,0.0,0.0,0.0,0.0,0.0,0.0,0.025,0.0,0.55,0.15,0.2,0.05,0.15000000000000002,3.666666666666667,0.15,1.0,0.05,0.0,0.0,0.5714285714285714,0.25,0.4107142857142857
Le Moyne,0.333035,0.0,0.333035,0.160285,0.10212000000000002,0.4,0.0,0.0,0.0,0.0,0.0,0.0,0.0,0.0,0.0,0.0,0.0,0.15,0.15,0.2,0.1,0.1,1.0,0.3,1.0,0.1,0.0,0.0,0.5714285714285714,0.25,0.4107142857142857
Lehigh,0.4145899999999999,0.0,0.4145899999999999,0.27619,0.9216999999999999,0.6,0.15,0.0,0.0,0.0,0.0,0.0,0.0,0.0,0.0,0.0,0.0,0.55,0.15,0.2,0.1,0.1,3.666666666666667,0.15,1.0,0.1,0.0,0.0,0.5714285714285714,0.25,0.4107142857142857
Liberty,0.81922,0.0,0.81922,0.60774,0.92806,0.95,0.0,0.0,0.0,0.0,0.0,0.0,0.0,0.0,0.0,0.0,0.0,0.6,0.15,0.2,0.1,0.1,4.0,0.25,1.0,0.15,0.0,0.0,0.5714285714285714,0.25,0.4107142857142857
Lindenwood,0.34773,0.0,0.34773,0.15389,0.11148,0.45,0.1,0.05,0.0,0.0,0.0,0.0,0.0,0.0,0.0,0.025,0.0,0.15,0.15,0.15,0.15,0.0,1.0,0.15,1.0,0.15,0.0,0.0,0.5714285714285714,0.25,0.4107142857142857
Lipscomb,0.6022999999999998,0.0,0.6022999999999998,0.366405,0.73736,0.65,0.0,0.0,0.0,0.0,0.0,0.0,0.0,0.0,0.0,0.0,0.0,0.65,0.15,0.2,0.15,0.05000000000000002,4.333333333333334,0.15,1.0,0.15,0.0,0.0,0.5714285714285714,0.25,0.4107142857142857
Little Rock,0.3497049999999999,0.0,0.3497049999999999,0.179205,0.55302,0.5,0.15,0.0,0.0,0.0,0.0,0.0,0.0,0.0,0.0,0.0,0.0,0.4,0.15,0.2,0.1,0.1,2.666666666666667,0.25,1.0,0.1,0.0,0.0,0.5714285714285714,0.25,0.4107142857142857
Longwood,0.49388499999999996,0.0,0.49388499999999996,0.29194,0.55302,0.55,0.05,0.0,0.0,0.0,0.0,0.0,0.0,0.0,0.0,0.0,0.0,0.6,0.15,0.15,0.1,0.04999999999999999,4.0,0.15,1.0,0.1,0.05,0.0,0.5714285714285714,0.25,0.4107142857142857
Louisiana,0.50874,0.0,0.50874,0.322455,0.932,0.65,0.1,0.0,0.0,0.0,0.0,0.0,0.0,0.0,0.0,0.0,0.0,0.55,0.15,0.15,0.05,0.09999999999999999,3.666666666666667,0.2,1.0,0.05,0.0,0.0,0.5714285714285714,0.25,0.4107142857142857
Louisville,0.312975,0.0,0.312975,0.06946500000000001,0.23352,0.6,0.05,0.05,0.0,0.0,0.0,0.0,0.0,0.0,0.0,0.025,0.0,0.15,0.15,0.2,0.05,0.15000000000000002,1.0,0.2,1.0,0.25,0.0,0.0,0.5714285714285714,0.25,0.4107142857142857
Loyola Chi.,0.2697649999999999,0.0,0.2697649999999999,0.156135,-0.18548,0.4,0.05,0.0,0.0,0.0,0.0,0.0,0.0,0.0,0.0,0.0,0.0,0.25,0.2,0.2,0.1,0.1,1.25,0.2,1.0,0.15,0.0,0.0,0.5714285714285714,0.25,0.4107142857142857
Loyola-Md.,0.5167349999999999,0.0,0.5167349999999999,0.31988,0.59804,0.6,0.0,0.0,0.0,0.0,0.0,0.0,0.0,0.0,0.0,0.0,0.0,0.45,0.15,0.15,0.05,0.09999999999999999,3.0,0.15,1.0,0.1,0.0,0.0,0.5714285714285714,0.25,0.4107142857142857
Maine,0.40866499999999994,0.0,0.40866499999999994,0.255405,0.56334,0.6,0.05,0.0,0.0,0.0,0.0,0.0,0.0,0.0,0.0,0.0,0.0,0.5,0.15,0.15,0.05,0.09999999999999999,3.3333333333333335,0.15,1.0,0.05,0.0,0.0,0.5714285714285714,0.25,0.4107142857142857
Manhattan,0.6549849999999999,0.0,0.6549849999999999,0.42325,0.9216999999999999,0.75,0.05,0.0,0.0,0.0,0.0,0.0,0.0,0.0,0.0,0.0,0.0,0.65,0.15,0.15,0.05,0.09999999999999999,4.333333333333334,0.2,1.0,0.05,0.0,0.0,0.5714285714285714,0.25,0.4107142857142857
Marist,0.7330549999999999,0.0,0.7330549999999999,0.5098800000000001,0.9216999999999999,0.8,0.0,0.0,0.0,0.0,0.0,0.0,0.0,0.0,0.0,0.0,0.0,0.65,0.15,0.15,0.1,0.04999999999999999,4.333333333333334,0.15,1.0,0.1,0.0,0.0,0.5714285714285714,0.25,0.4107142857142857
Marquette,0.29403999999999997,0.0,0.29403999999999997,0.06517,0.07636,0.4,0.05,0.0,0.0,0.0,0.0,0.0,0.0,0.0,0.0,0.0,0.0,0.2,0.15,0.15,0.15,0.0,1.3333333333333335,0.15,1.0,0.2,0.0,0.0,0.5714285714285714,0.25,0.4107142857142857
Marshall,0.5996649999999999,0.0,0.5996649999999999,0.37609499999999996,0.73736,0.65,0.0,0.0,0.0,0.0,0.0,0.0,0.0,0.0,0.0,0.0,0.0,0.6,0.15,0.2,0.15,0.05000000000000002,4.0,0.15,1.0,0.15,0.0,0.0,0.5714285714285714,0.25,0.4107142857142857
Maryland,0.2430842105263158,0.0,0.2430842105263158,0.05523684210526316,0.30616000000000004,0.42105263157894735,0.10526315789473684,0.0,0.0,0.0,0.0,0.0,0.0,0.0,0.0,0.0,0.0,0.21052631578947367,0.15789473684210525,0.21052631578947367,0.15789473684210525,0.05263157894736842,1.3333333333333333,0.21052631578947367,1.0,0.2631578947368421,0.0,0.0,0.5428571428571428,0.25,0.3964285714285714
Massachusetts,0.5783499999999999,0.0,0.5783499999999999,0.31128999999999996,0.73736,0.7,0.05,0.0,0.0,0.0,0.0,0.0,0.0,0.0,0.0,0.0,0.0,0.6,0.2,0.15,0.15,0.0,2.9999999999999996,0.15,1.0,0.15,0.0,0.0,0.5714285714285714,0.25,0.4107142857142857
McNeese,0.160085,0.0,0.160085,0.0038100000000000052,-0.12158,0.4,0.3,0.0,0.0,0.0,0.0,0.0,0.0,0.0,0.0,0.0,0.0,0.45,0.15,0.15,0.1,0.04999999999999999,3.0,0.15,1.0,0.1,0.0,0.0,0.5714285714285714,0.25,0.4107142857142857
Md.-E. Shore,0.272825,0.0,0.272825,0.10281,0.0,0.3,0.0,0.0,0.0,0.0,0.0,0.0,0.0,0.0,0.0,0.0,0.0,0.15,0.15,0.15,0.05,0.09999999999999999,1.0,0.15,1.0,0.05,0.0,0.0,0.5714285714285714,0.25,0.4107142857142857
Memphis,-0.05261499999999999,0.0,-0.05261499999999999,-0.12908999999999998,-0.19096,0.2,0.45,0.05,0.0,0.0,0.0,0.0,0.0,0.0,0.0,0.025,0.0,0.3,0.2,0.2,0.1,0.1,1.4999999999999998,0.4,1.0,0.2,0.0,0.0,0.5714285714285714,0.25,0.4107142857142857
Mercer,0.6200499999999999,0.0,0.6200499999999999,0.417765,0.9216999999999999,0.7,0.05,0.0,0.0,0.0,0.0,0.0,0.0,0.0,0.0,0.0,0.0,0.55,0.15,0.15,0.05,0.09999999999999999,3.666666666666667,0.2,1.0,0.1,0.0,0.0,0.5714285714285714,0.25,0.4107142857142857
Mercyhurst,0.41142,0.0,0.41142,0.25038499999999997,0.3422,0.5,0.1,0.0,0.0,0.0,0.0,0.0,0.0,0.0,0.0,0.0,0.0,0.25,0.15,0.15,0.15,0.0,1.6666666666666667,0.15,1.0,0.15,0.0,0.0,0.5714285714285714,0.25,0.4107142857142857
Merrimack,0.5918849999999999,0.0,0.5918849999999999,0.3837,0.9216999999999999,0.65,0.0,0.0,0.0,0.0,0.0,0.0,0.0,0.0,0.0,0.0,0.0,0.55,0.15,0.2,0.1,0.1,3.666666666666667,0.15,1.0,0.1,0.0,0.0,0.5714285714285714,0.25,0.4107142857142857
Miami,0.08244,0.0,0.08244,-0.10808,0.09024,0.35,0.25,0.0,0.0,0.0,0.0,0.0,0.0,0.0,0.0,0.0,0.0,0.4,0.45,0.2,0.1,0.1,0.888888888888889,0.2,1.0,0.15,0.0,0.0,0.5714285714285714,0.25,0.4107142857142857
Miami (Ohio),-0.053570000000000007,0.0,-0.053570000000000007,-0.18565,-0.022780000000000022,0.35,0.45,0.0,0.0,0.0,0.0,0.0,0.0,0.0,0.0,0.0,0.0,0.3,0.5,0.15,0.15,0.0,0.6,0.15,1.0,0.15,0.0,0.0,0.5714285714285714,0.25,0.4107142857142857
Michigan,0.3453,0.0,0.3453,0.15138000000000001,0.20373999999999998,0.55,0.15,0.0,0.0,0.0,0.0,0.0,0.0,0.0,0.0,0.0,0.0,0.35,0.15,0.15,0.15,0.0,2.3333333333333335,0.15,1.0,0.65,0.0,0.0,0.5714285714285714,0.25,0.4107142857142857
Michigan St.,0.32330500000000006,0.0,0.32330500000000006,0.1269,-0.030820000000000004,0.6,0.15,0.0,0.0,0.0,0.0,0.0,0.0,0.0,0.0,0.0,0.0,0.25,0.15,0.15,0.15,0.0,1.6666666666666667,0.15,1.0,0.5,0.0,0.0,0.5714285714285714,0.25,0.4107142857142857
Middle Tenn.,0.30119,0.0,0.30119,0.11153000000000002,0.15272,0.4,0.0,0.0,0.0,0.0,0.0,0.0,0.0,0.0,0.0,0.0,0.0,0.3,0.15,0.15,0.05,0.09999999999999999,2.0,0.2,1.0,0.2,0.0,0.0,0.5714285714285714,0.25,0.4107142857142857
Milwaukee,0.19380999999999998,0.0,0.19380999999999998,0.025715,0.30751999999999996,0.3,0.1,0.0,0.0,0.0,0.0,0.0,0.0,0.0,0.0,0.0,0.0,0.3,0.15,0.15,0.15,0.0,2.0,0.15,1.0,0.15,0.0,0.0,0.5714285714285714,0.25,0.4107142857142857
Minnesota,0.059765,0.0,0.059765,-0.000959999999999997,-0.035620000000000006,0.25,0.2,0.0,0.0,0.0,0.0,0.0,0.0,0.0,0.0,0.0,0.0,0.25,0.2,0.2,0.1,0.1,1.25,0.3,1.0,0.15,0.0,0.0,0.5714285714285714,0.25,0.4107142857142857
Miss Valley St.,0.16568999999999998,0.0,0.16568999999999998,0.020805000000000008,0.0,0.35,0.2,0.0,0.0,0.0,0.0,0.0,0.0,0.0,0.0,0.0,0.0,0.25,0.15,0.15,0.15,0.0,1.6666666666666667,0.2,1.0,0.2,0.0,0.0,0.5714285714285714,0.25,0.4107142857142857
Miss. St.,0.20456500000000002,0.0,0.20456500000000002,-0.023465000000000003,0.11717999999999999,0.35,0.1,0.0,0.0,0.0,0.0,0.0,0.0,0.0,0.0,0.0,0.0,0.2,0.2,0.2,0.15,0.05000000000000002,1.0,0.2,1.0,0.2,0.0,0.0,0.5714285714285714,0.25,0.4107142857142857
Missouri,0.15069,0.0,0.15069,-0.017985,-0.26744,0.35,0.1,0.0,0.0,0.0,0.0,0.0,0.0,0.0,0.0,0.0,0.0,0.15,0.15,0.25,0.1,0.15,1.0,0.25,1.0,0.35,0.0,0.0,0.5714285714285714,0.25,0.4107142857142857
Missouri St.,0.28502,0.0,0.28502,0.08242999999999999,-0.05102000000000001,0.5,0.1,0.0,0.0,0.0,0.0,0.0,0.0,0.0,0.0,0.0,0.0,0.25,0.15,0.15,0.1,0.04999999999999999,1.6666666666666667,0.2,1.0,0.35,0.0,0.0,0.5714285714285714,0.25,0.4107142857142857
Monmouth,0.6978599999999999,0.0,0.6978599999999999,0.45715000000000006,0.73736,0.8,0.0,0.05,0.0,0.0,0.0,0.0,0.0,0.0,0.0,0.025,0.0,0.65,0.15,0.2,0.1,0.1,4.333333333333334,0.15,1.0,0.1,0.0,0.0,0.5714285714285714,0.25,0.4107142857142857
Montana,0.051764999999999985,0.0,0.051764999999999985,-0.08290499999999999,-0.35964000000000007,0.15,0.15,0.0,0.0,0.0,0.0,0.0,0.0,0.0,0.0,0.0,0.0,0.2,0.2,0.15,0.15,0.0,1.0,0.25,1.0,0.15,0.0,0.0,0.5714285714285714,0.25,0.4107142857142857
Montana St.,0.4370789473684211,0.0,0.4370789473684211,0.2331315789473684,0.18434,0.47368421052631576,0.0,0.0,0.0,0.0,0.0,0.0,0.0,0.0,0.0,0.0,0.0,0.42105263157894735,0.15789473684210525,0.15789473684210525,0.15789473684210525,0.0,2.6666666666666665,0.15789473684210525,1.0,0.15789473684210525,0.0,0.0,0.5428571428571428,0.25,0.3964285714285714
Morehead St.,0.228735,0.0,0.228735,0.10364500000000001,0.31151999999999996,0.35,0.15,0.0,0.0,0.0,0.0,0.0,0.0,0.0,0.0,0.0,0.0,0.25,0.2,0.2,0.1,0.1,1.25,0.15,1.0,0.1,0.0,0.0,0.5714285714285714,0.25,0.4107142857142857
Morgan St.,0.5963549999999999,0.0,0.5963549999999999,0.36968999999999996,0.73736,0.65,0.0,0.0,0.0,0.0,0.0,0.0,0.0,0.0,0.0,0.0,0.0,0.55,0.15,0.2,0.15,0.05000000000000002,3.666666666666667,0.15,1.0,0.15,0.0,0.0,0.5714285714285714,0.25,0.4107142857142857
Mt St Mary's,0.16343,0.0,0.16343,0.054525000000000004,-0.48704000000000003,0.45,0.3,0.05,0.0,0.0,0.0,0.0,0.0,0.0,0.0,0.025,0.0,0.45,0.15,0.15,0.05,0.09999999999999999,3.0,0.25,1.0,0.05,0.0,0.0,0.5714285714285714,0.25,0.4107142857142857
Murray St.,0.12161578947368422,0.0,0.12161578947368422,0.04148421052631579,0.0,0.15789473684210525,0.0,0.0,0.0,0.0,0.0,0.0,0.0,0.0,0.0,0.0,0.0,0.10526315789473684,0.10526315789473684,0.10526315789473684,0.05263157894736842,0.05263157894736842,1.0,0.3157894736842105,1.0,0.15789473684210525,0.0,0.0,0.5428571428571428,0.25,0.3964285714285714
N. Alabama,0.286305,0.0,0.286305,0.117635,0.28925999999999996,0.5,0.15,0.0,0.0,0.0,0.0,0.0,0.0,0.0,0.0,0.0,0.0,0.25,0.15,0.2,0.1,0.1,1.6666666666666667,0.15,1.0,0.25,0.0,0.0,0.5714285714285714,0.25,0.4107142857142857
N. Arizona,0.39232,0.0,0.39232,0.168915,0.4654,0.5,0.05,0.0,0.0,0.0,0.0,0.0,0.0,0.0,0.0,0.0,0.0,0.4,0.15,0.15,0.1,0.04999999999999999,2.666666666666667,0.15,1.0,0.25,0.0,0.0,0.5714285714285714,0.25,0.4107142857142857
N. Carolina,0.233975,0.0,0.233975,0.020615000000000005,-0.09006,0.45,0.1,0.0,0.0,0.0,0.0,0.0,0.0,0.0,0.0,0.0,0.0,0.2,0.15,0.15,0.1,0.04999999999999999,1.3333333333333335,0.15,1.0,0.35,0.0,0.0,0.5714285714285714,0.25,0.4107142857142857
N. Colorado,0.342185,0.0,0.342185,0.15846500000000002,0.04046,0.45,0.0,0.0,0.0,0.0,0.0,0.0,0.0,0.0,0.0,0.0,0.0,0.25,0.15,0.15,0.1,0.04999999999999999,1.6666666666666667,0.25,1.0,0.25,0.0,0.0,0.5714285714285714,0.25,0.4107142857142857
N. Dakota St.,0.566225,0.0,0.566225,0.37185999999999997,0.6247999999999999,0.65,0.0,0.0,0.0,0.0,0.0,0.0,0.0,0.0,0.0,0.0,0.0,0.5,0.15,0.15,0.05,0.09999999999999999,3.3333333333333335,0.2,1.0,0.05,0.0,0.0,0.5714285714285714,0.25,0.4107142857142857
N. Illinois,0.47643500000000005,0.0,0.47643500000000005,0.26395,0.26954,0.7,0.0,0.0,0.0,0.0,0.0,0.0,0.0,0.0,0.0,0.0,0.0,0.35,0.15,0.2,0.1,0.1,2.3333333333333335,0.15,1.0,0.45,0.0,0.0,0.5714285714285714,0.25,0.4107142857142857
N. Iowa,0.289805,0.0,0.289805,0.060755,-0.0637,0.55,0.1,0.0,0.0,0.0,0.0,0.0,0.0,0.0,0.0,0.0,0.0,0.25,0.15,0.15,0.1,0.04999999999999999,1.6666666666666667,0.25,1.0,0.55,0.0,0.0,0.5714285714285714,0.25,0.4107142857142857
N. Kentucky,0.25615,0.0,0.25615,0.10571,0.42747999999999997,0.5,0.15,0.0,0.0,0.0,0.0,0.0,0.0,0.0,0.0,0.0,0.0,0.3,0.2,0.3,0.1,0.19999999999999998,1.4999999999999998,0.15,1.0,0.25,0.0,0.0,0.5714285714285714,0.25,0.4107142857142857
N. Mex. St.,0.163665,0.0,0.163665,-0.027795000000000004,-0.14006000000000002,0.3,0.1,0.0,0.0,0.0,0.0,0.0,0.0,0.0,0.0,0.0,0.0,0.15,0.15,0.15,0.15,0.0,1.0,0.15,1.0,0.35,0.0,0.0,0.5714285714285714,0.25,0.4107142857142857
N.J. Tech,0.14597500000000002,0.0,0.14597500000000002,0.02753,-0.13644,0.5,0.25,0.0,0.0,0.0,0.0,0.0,0.0,0.0,0.0,0.0,0.0,0.2,0.15,0.15,0.1,0.04999999999999999,1.3333333333333335,0.25,1.0,0.1,0.0,0.0,0.5714285714285714,0.25,0.4107142857142857
NC A&T,0.20101,0.0,0.20101,0.062134999999999996,0.0,0.25,0.05,0.0,0.0,0.0,0.0,0.0,0.0,0.0,0.0,0.0,0.0,0.2,0.15,0.2,0.05,0.15000000000000002,1.3333333333333335,0.15,1.0,0.05,0.0,0.0,0.5714285714285714,0.25,0.4107142857142857
NC Central,0.24785500000000002,0.0,0.24785500000000002,0.093275,0.24746,0.3,0.0,0.0,0.0,0.0,0.0,0.0,0.0,0.0,0.0,0.0,0.0,0.25,0.15,0.15,0.05,0.09999999999999999,1.6666666666666667,0.15,1.0,0.1,0.0,0.0,0.5714285714285714,0.25,0.4107142857142857
NC State,0.23625999999999997,0.0,0.23625999999999997,0.12423,-0.16398000000000001,0.45,0.15,0.0,0.0,0.0,0.0,0.0,0.0,0.0,0.0,0.0,0.0,0.25,0.15,0.15,0.1,0.04999999999999999,1.6666666666666667,0.15,1.0,0.35,0.0,0.0,0.5714285714285714,0.25,0.4107142857142857
Navy,0.41653499999999993,0.0,0.41653499999999993,0.288765,0.44154,0.55,0.15,0.0,0.0,0.0,0.0,0.0,0.0,0.0,0.0,0.0,0.0,0.45,0.15,0.3,0.1,0.19999999999999998,3.0,0.15,1.0,0.1,0.0,0.0,0.5714285714285714,0.25,0.4107142857142857
Nebraska,0.35636499999999993,0.0,0.35636499999999993,0.10983499999999999,0.17307999999999998,0.6,0.0,0.0,0.0,0.0,0.0,0.0,0.0,0.0,0.0,0.0,0.0,0.35,0.2,0.25,0.1,0.15,1.7499999999999998,0.15,1.0,0.6,0.0,0.0,0.5714285714285714,0.25,0.4107142857142857
Nevada,0.46834499999999996,0.0,0.46834499999999996,0.23196999999999995,0.31002,0.6,0.0,0.0,0.0,0.0,0.0,0.0,0.0,0.0,0.0,0.0,0.0,0.2,0.15,0.15,0.1,0.04999999999999999,1.3333333333333335,0.15,1.0,0.15,0.0,0.0,0.5714285714285714,0.25,0.4107142857142857
New Hamp.,0.44893,0.0,0.44893,0.264685,0.53318,0.55,0.05,0.0,0.0,0.0,0.0,0.0,0.0,0.0,0.0,0.0,0.0,0.45,0.15,0.15,0.15,0.0,3.0,0.15,1.0,0.2,0.0,0.0,0.5714285714285714,0.25,0.4107142857142857
New Haven,0.154345,0.0,0.154345,0.040639999999999996,0.044700000000000004,0.35,0.1,0.0,0.0,0.0,0.0,0.0,0.0,0.0,0.0,0.0,0.0,0.15,0.15,0.25,0.25,0.0,1.0,0.15,1.0,0.3,0.0,0.0,0.5714285714285714,0.25,0.4107142857142857
New Mexico,0.21371,0.0,0.21371,0.010020000000000005,0.15272,0.35,0.1,0.0,0.0,0.0,0.0,0.0,0.0,0.0,0.0,0.0,0.0,0.15,0.15,0.2,0.1,0.1,1.0,0.35,1.0,0.25,0.0,0.0,0.5714285714285714,0.25,0.4107142857142857
New Orleans,-0.14909,0.0,-0.14909,-0.22757,-0.21642,0.15,0.5,0.0,0.0,0.0,0.0,0.0,0.0,0.0,0.0,0.0,0.0,0.15,0.15,0.15,0.15,0.0,1.0,0.2,1.0,0.15,0.0,0.0,0.5714285714285714,0.25,0.4107142857142857
Niagara,0.6012849999999998,0.0,0.6012849999999998,0.35000499999999996,0.73736,0.65,0.0,0.0,0.0,0.0,0.0,0.0,0.0,0.0,0.0,0.0,0.0,0.55,0.15,0.15,0.05,0.09999999999999999,3.666666666666667,0.15,1.0,0.05,0.0,0.0,0.5714285714285714,0.25,0.4107142857142857
Nicholls,0.443335,0.0,0.443335,0.24111499999999997,0.73736,0.5,0.05,0.0,0.0,0.0,0.0,0.0,0.0,0.0,0.0,0.0,0.0,0.5,0.15,0.2,0.1,0.1,3.3333333333333335,0.2,1.0,0.1,0.0,0.0,0.5714285714285714,0.25,0.4107142857142857
Norfolk St.,0.34692000000000006,0.0,0.34692000000000006,0.20396999999999998,0.40001999999999993,0.45,0.1,0.0,0.0,0.0,0.0,0.0,0.0,0.0,0.0,0.0,0.0,0.45,0.15,0.15,0.1,0.04999999999999999,3.0,0.15,1.0,0.1,0.0,0.0,0.5714285714285714,0.25,0.4107142857142857
North Dakota,0.24093499999999998,0.0,0.24093499999999998,0.12648500000000001,0.33274,0.45,0.15,0.05,0.0,0.0,0.0,0.0,0.0,0.0,0.0,0.025,0.0,0.3,0.15,0.15,0.05,0.09999999999999999,2.0,0.2,1.0,0.3,0.0,0.0,0.5714285714285714,0.25,0.4107142857142857
North Florida,0.38926499999999997,0.0,0.38926499999999997,0.202435,0.26864,0.5,0.0,0.0,0.0,0.0,0.0,0.0,0.0,0.0,0.0,0.0,0.0,0.3,0.15,0.25,0.1,0.15,2.0,0.25,1.0,0.25,0.0,0.0,0.5714285714285714,0.25,0.4107142857142857
North Texas,0.289005,0.0,0.289005,0.11532500000000001,0.12738,0.45,0.1,0.0,0.0,0.0,0.0,0.0,0.0,0.0,0.0,0.0,0.0,0.3,0.15,0.2,0.05,0.15000000000000002,2.0,0.25,1.0,0.25,0.0,0.0,0.5714285714285714,0.25,0.4107142857142857
Northeastern,0.5747449999999998,0.0,0.5747449999999998,0.36937499999999995,0.8952200000000001,0.7,0.0,0.0,0.0,0.0,0.0,0.0,0.0,0.0,0.0,0.0,0.0,0.45,0.15,0.15,0.1,0.04999999999999999,3.0,0.15,1.0,0.1,0.0,0.0,0.5714285714285714,0.25,0.4107142857142857
Northwestern,0.29586,0.0,0.29586,0.12099,0.0,0.35,0.05,0.0,0.0,0.0,0.0,0.0,0.0,0.0,0.0,0.0,0.0,0.2,0.15,0.15,0.15,0.0,1.3333333333333335,0.15,1.0,0.1,0.0,0.0,0.5714285714285714,0.25,0.4107142857142857
Northwestern St.,0.14109,0.0,0.14109,-0.0060599999999999985,0.11717999999999999,0.25,0.15,0.0,0.0,0.0,0.0,0.0,0.0,0.0,0.0,0.0,0.0,0.25,0.15,0.2,0.15,0.05000000000000002,1.6666666666666667,0.2,1.0,0.1,0.0,0.0,0.5714285714285714,0.25,0.4107142857142857
Notre Dame,0.11452999999999998,0.0,0.11452999999999998,-0.049665,0.11632000000000002,0.4,0.25,0.0,0.0,0.0,0.0,0.0,0.0,0.0,0.0,0.0,0.0,0.2,0.15,0.25,0.15,0.1,1.3333333333333335,0.25,1.0,0.25,0.0,0.0,0.5714285714285714,0.25,0.4107142857142857
Oakland,0.579305,0.0,0.579305,0.3901699999999999,0.9216999999999999,0.65,0.0,0.0,0.0,0.0,0.0,0.0,0.0,0.0,0.0,0.0,0.0,0.6,0.15,0.2,0.1,0.1,4.0,0.15,1.0,0.15,0.0,0.0,0.5714285714285714,0.25,0.4107142857142857
Ohio,0.021429999999999984,0.0,0.021429999999999984,-0.14081000000000002,-0.10664000000000003,0.35,0.3,0.0,0.0,0.0,0.0,0.0,0.0,0.0,0.0,0.0,0.0,0.35,0.35,0.25,0.2,0.04999999999999999,1.0,0.2,1.0,0.35,0.0,0.0,0.5714285714285714,0.25,0.4107142857142857
Ohio St.,0.12993000000000002,0.0,0.12993000000000002,0.008674999999999995,0.20495999999999998,0.3,0.15,0.0,0.0,0.0,0.0,0.0,0.0,0.0,0.0,0.0,0.0,0.2,0.15,0.25,0.15,0.1,1.3333333333333335,0.15,1.0,0.2,0.0,0.0,0.5714285714285714,0.25,0.4107142857142857
Okla. St.,0.245955,0.0,0.245955,0.03145,0.07904,0.35,0.0,0.0,0.0,0.0,0.0,0.0,0.0,0.0,0.0,0.0,0.0,0.15,0.15,0.2,0.1,0.1,1.0,0.3,1.0,0.2,0.0,0.0,0.5714285714285714,0.25,0.4107142857142857
Oklahoma,0.20536,0.0,0.20536,0.010044999999999998,-0.0637,0.4,0.1,0.0,0.0,0.0,0.0,0.0,0.0,0.0,0.0,0.0,0.0,0.25,0.15,0.15,0.05,0.09999999999999999,1.6666666666666667,0.25,1.0,0.15,0.0,0.0,0.5714285714285714,0.25,0.4107142857142857
Old Dominion,0.50806,0.0,0.50806,0.33143999999999996,0.55302,0.55,0.0,0.0,0.0,0.0,0.0,0.0,0.0,0.0,0.0,0.0,0.0,0.5,0.15,0.15,0.15,0.0,3.3333333333333335,0.15,1.0,0.15,0.0,0.0,0.5714285714285714,0.25,0.4107142857142857
Ole Miss,0.23331999999999997,0.0,0.23331999999999997,0.02907500000000001,0.5515800000000001,0.6,0.25,0.0,0.0,0.0,0.0,0.0,0.0,0.0,0.0,0.0,0.0,0.3,0.15,0.2,0.2,0.0,2.0,0.4,1.0,0.4,0.0,0.0,0.5714285714285714,0.25,0.4107142857142857
Omaha,0.11776000000000002,0.0,0.11776000000000002,-0.014960000000000001,-0.1486,0.2,0.1,0.0,0.0,0.0,0.0,0.0,0.0,0.0,0.0,0.0,0.0,0.3,0.15,0.2,0.1,0.1,2.0,0.15,1.0,0.1,0.0,0.0,0.5714285714285714,0.25,0.4107142857142857
Oral Roberts,0.6878749999999999,0.0,0.6878749999999999,0.471795,0.9216999999999999,0.8,0.05,0.0,0.0,0.0,0.0,0.0,0.0,0.0,0.0,0.0,0.0,0.7,0.15,0.15,0.15,0.0,4.666666666666667,0.2,1.0,0.15,0.0,0.0,0.5714285714285714,0.25,0.4107142857142857
Oregon,-0.005650000000000011,0.0,-0.005650000000000011,-0.10851,-0.33114,0.25,0.3,0.0,0.0,0.0,0.0,0.0,0.0,0.0,0.0,0.0,0.0,0.15,0.15,0.15,0.15,0.0,1.0,0.15,1.0,0.35,0.0,0.0,0.5714285714285714,0.25,0.4107142857142857
Oregon St.,0.26043,0.0,0.26043,0.06560999999999999,-0.17687999999999998,0.4,0.1,0.0,0.0,0.0,0.0,0.0,0.0,0.0,0.0,0.0,0.0,0.3,0.15,0.25,0.1,0.15,2.0,0.15,1.0,0.1,0.0,0.0,0.5714285714285714,0.25,0.4107142857142857
PFW,0.330565,0.0,0.330565,0.14926,0.0,0.4,0.05,0.0,0.0,0.0,0.0,0.0,0.0,0.0,0.0,0.0,0.0,0.4,0.15,0.15,0.1,0.04999999999999999,2.666666666666667,0.2,1.0,0.1,0.0,0.0,0.5714285714285714,0.25,0.4107142857142857
Pacific,0.44149499999999986,0.0,0.44149499999999986,0.260665,0.73736,0.55,0.1,0.0,0.0,0.0,0.0,0.0,0.0,0.0,0.0,0.0,0.0,0.55,0.15,0.15,0.15,0.0,3.666666666666667,0.15,1.0,0.15,0.0,0.0,0.5714285714285714,0.25,0.4107142857142857
Penn,0.20706000000000002,0.0,0.20706000000000002,0.06436,0.07636,0.3,0.05,0.0,0.0,0.0,0.0,0.0,0.0,0.0,0.0,0.0,0.0,0.2,0.15,0.15,0.1,0.04999999999999999,1.3333333333333335,0.2,1.0,0.2,0.0,0.0,0.5714285714285714,0.25,0.4107142857142857
Penn St.,0.24090499999999998,0.0,0.24090499999999998,0.12322999999999999,0.09176,0.3,0.05,0.05,0.0,0.0,0.0,0.0,0.0,0.0,0.0,0.025,0.0,0.2,0.15,0.15,0.1,0.04999999999999999,1.3333333333333335,0.15,1.0,0.1,0.0,0.0,0.5714285714285714,0.25,0.4107142857142857
Pepperdine,0.6806299999999998,0.0,0.6806299999999998,0.48328499999999996,0.8693,0.75,0.0,0.0,0.0,0.0,0.0,0.0,0.0,0.0,0.0,0.0,0.0,0.65,0.15,0.15,0.1,0.04999999999999999,4.333333333333334,0.15,1.0,0.1,0.0,0.0,0.5714285714285714,0.25,0.4107142857142857
Pittsburgh,0.27605500000000005,0.0,0.27605500000000005,0.12000999999999999,-0.08874000000000001,0.4,0.1,0.05,0.0,0.0,0.0,0.0,0.0,0.0,0.0,0.025,0.0,0.25,0.2,0.3,0.1,0.19999999999999998,1.25,0.2,1.0,0.15,0.05,0.0,0.5714285714285714,0.25,0.4107142857142857
Portland,0.44162,0.0,0.44162,0.19573999999999997,0.19466,0.6,0.05,0.05,0.0,0.0,0.0,0.0,0.0,0.0,0.0,0.025,0.0,0.35,0.15,0.15,0.1,0.04999999999999999,2.3333333333333335,0.25,1.0,0.1,0.0,0.0,0.5714285714285714,0.25,0.4107142857142857
Portland St.,0.21292999999999998,0.0,0.21292999999999998,0.059945000000000005,0.12738,0.35,0.05,0.0,0.0,0.0,0.0,0.0,0.0,0.0,0.0,0.0,0.0,0.15,0.15,0.15,0.1,0.04999999999999999,1.0,0.15,1.0,0.25,0.0,0.0,0.5714285714285714,0.25,0.4107142857142857
Prairie View,0.2718299999999999,0.0,0.2718299999999999,0.135785,0.36868,0.45,0.2,0.0,0.0,0.0,0.0,0.0,0.0,0.0,0.0,0.0,0.0,0.35,0.15,0.15,0.15,0.0,2.3333333333333335,0.15,1.0,0.3,0.0,0.0,0.5714285714285714,0.25,0.4107142857142857
Presbyterian,0.46259999999999996,0.0,0.46259999999999996,0.261345,0.36868,0.5,0.0,0.0,0.0,0.0,0.0,0.0,0.0,0.0,0.0,0.0,0.0,0.5,0.15,0.15,0.1,0.04999999999999999,3.3333333333333335,0.2,1.0,0.1,0.0,0.0,0.5714285714285714,0.25,0.4107142857142857
Princeton,0.46526499999999993,0.0,0.46526499999999993,0.25734500000000005,0.56358,0.6,0.1,0.0,0.0,0.0,0.0,0.0,0.0,0.0,0.0,0.0,0.0,0.6,0.15,0.2,0.1,0.1,4.0,0.15,1.0,0.1,0.0,0.0,0.5714285714285714,0.25,0.4107142857142857
Providence,0.26039500000000004,0.0,0.26039500000000004,0.07693000000000001,-0.028979999999999995,0.35,0.05,0.0,0.0,0.0,0.0,0.0,0.0,0.0,0.0,0.0,0.0,0.2,0.15,0.2,0.15,0.05000000000000002,1.3333333333333335,0.35,1.0,0.25,0.0,0.0,0.5714285714285714,0.25,0.4107142857142857
Purdue,0.403085,0.0,0.403085,0.22252999999999998,0.4189,0.6,0.05,0.0,0.0,0.0,0.0,0.0,0.0,0.0,0.0,0.0,0.0,0.15,0.15,0.15,0.15,0.0,1.0,0.15,1.0,0.55,0.0,0.0,0.5714285714285714,0.25,0.4107142857142857
Queens,0.17160000000000003,0.0,0.17160000000000003,0.06329499999999998,0.07636,0.35,0.15,0.0,0.0,0.0,0.0,0.0,0.0,0.0,0.0,0.0,0.0,0.3,0.15,0.15,0.05,0.09999999999999999,2.0,0.15,1.0,0.1,0.0,0.0,0.5714285714285714,0.25,0.4107142857142857
Quinnipiac,0.4929,0.0,0.4929,0.35467999999999994,0.73388,0.55,0.0,0.0,0.0,0.0,0.0,0.0,0.0,0.0,0.0,0.0,0.0,0.4,0.15,0.15,0.0,0.15,2.666666666666667,0.15,0.0,0.0,0.0,0.0,0.5714285714285714,0.25,0.4107142857142857
Radford,0.3616473684210526,0.0,0.3616473684210526,0.2100263157894737,0.55302,0.42105263157894735,0.05263157894736842,0.0,0.0,0.0,0.0,0.0,0.0,0.0,0.0,0.0,0.0,0.47368421052631576,0.15789473684210525,0.15789473684210525,0.10526315789473684,0.05263157894736842,3.0,0.3684210526315789,1.0,0.10526315789473684,0.0,0.0,0.5428571428571428,0.25,0.3964285714285714
Rhode Island,0.2235947368421053,0.0,0.2235947368421053,0.12798421052631578,-0.1486,0.3157894736842105,0.10526315789473684,0.0,0.0,0.0,0.0,0.0,0.0,0.0,0.0,0.0,0.0,0.2631578947368421,0.15789473684210525,0.15789473684210525,0.10526315789473684,0.05263157894736842,1.6666666666666667,0.15789473684210525,1.0,0.10526315789473684,0.0,0.0,0.5428571428571428,0.25,0.3964285714285714
Rice,0.22792499999999993,0.0,0.22792499999999993,0.09397500000000002,-0.059199999999999996,0.3,0.1,0.0,0.0,0.0,0.0,0.0,0.0,0.0,0.0,0.0,0.0,0.25,0.15,0.15,0.1,0.04999999999999999,1.6666666666666667,0.2,1.0,0.1,0.0,0.0,0.5714285714285714,0.25,0.4107142857142857
Richmond,0.52366,0.0,0.52366,0.29212499999999997,0.36868,0.6,0.0,0.0,0.0,0.0,0.0,0.0,0.0,0.0,0.0,0.0,0.0,0.35,0.15,0.15,0.15,0.0,2.3333333333333335,0.15,1.0,0.2,0.0,0.0,0.5714285714285714,0.25,0.4107142857142857
Rider,0.807485,0.0,0.807485,0.5543550000000002,0.90846,0.9,0.0,0.0,0.0,0.0,0.0,0.0,0.0,0.0,0.0,0.0,0.0,0.5,0.15,0.15,0.15,0.0,3.3333333333333335,0.15,1.0,0.15,0.0,0.0,0.5714285714285714,0.25,0.4107142857142857
Robert Morris,0.4485949999999999,0.0,0.4485949999999999,0.22910500000000003,0.5593,0.5,0.05,0.0,0.0,0.0,0.0,0.0,0.0,0.0,0.0,0.0,0.0,0.5,0.15,0.15,0.15,0.0,3.3333333333333335,0.15,1.0,0.2,0.0,0.0,0.5714285714285714,0.25,0.4107142857142857
Rutgers,0.108755,0.0,0.108755,0.012299999999999988,-0.19926,0.25,0.2,0.0,0.0,0.0,0.0,0.0,0.0,0.0,0.0,0.0,0.0,0.15,0.2,0.15,0.1,0.04999999999999999,0.7499999999999999,0.15,1.0,0.15,0.0,0.0,0.5714285714285714,0.25,0.4107142857142857
S. Carolina,0.3245529411764706,0.0,0.3245529411764706,0.13197058823529412,0.4194,0.47058823529411764,0.058823529411764705,0.0,0.0,0.0,0.0,0.0,0.0,0.0,0.0,0.0,0.0,0.17647058823529413,0.17647058823529413,0.35294117647058826,0.058823529411764705,0.29411764705882354,1.0,0.35294117647058826,1.0,0.23529411764705882,0.0,0.0,0.4857142857142857,0.25,0.3678571428571429
S. Dak. St.,0.2813,0.0,0.2813,0.12079500000000001,0.18002,0.45,0.05,0.05,0.0,0.0,0.0,0.0,0.0,0.0,0.0,0.025,0.0,0.3,0.15,0.15,0.15,0.0,2.0,0.15,1.0,0.3,0.0,0.0,0.5714285714285714,0.25,0.4107142857142857
S. Illinois,0.248925,0.0,0.248925,0.10735999999999998,0.40152,0.55,0.15,0.0,0.0,0.0,0.0,0.0,0.0,0.0,0.0,0.0,0.0,0.2,0.15,0.2,0.05,0.15000000000000002,1.3333333333333335,0.15,1.0,0.55,0.0,0.0,0.5714285714285714,0.25,0.4107142857142857
SC State,0.20187894736842105,0.0,0.20187894736842105,0.05517894736842105,0.0,0.3157894736842105,0.0,0.0,0.0,0.0,0.0,0.0,0.0,0.0,0.0,0.0,0.0,0.15789473684210525,0.15789473684210525,0.21052631578947367,0.10526315789473684,0.10526315789473684,1.0,0.15789473684210525,1.0,0.3157894736842105,0.0,0.0,0.5428571428571428,0.25,0.3964285714285714
SC Upstate,0.37254999999999994,0.0,0.37254999999999994,0.19125,0.36868,0.4,0.0,0.0,0.0,0.0,0.0,0.0,0.0,0.0,0.0,0.0,0.0,0.45,0.15,0.15,0.15,0.0,3.0,0.15,1.0,0.15,0.0,0.0,0.5714285714285714,0.25,0.4107142857142857
SE Louisiana,0.56368,0.0,0.56368,0.37007999999999996,0.611,0.65,0.05,0.0,0.0,0.0,0.0,0.0,0.0,0.0,0.0,0.0,0.0,0.55,0.15,0.2,0.15,0.05000000000000002,3.666666666666667,0.15,1.0,0.15,0.0,0.0,0.5714285714285714,0.25,0.4107142857142857
SE Missouri St.,0.15501,0.0,0.15501,0.03941,0.04046,0.2,0.0,0.0,0.0,0.0,0.0,0.0,0.0,0.0,0.0,0.0,0.0,0.15,0.15,0.15,0.05,0.09999999999999999,1.0,0.2,1.0,0.1,0.0,0.0,0.5714285714285714,0.25,0.4107142857142857
SF Austin,0.22969500000000004,0.0,0.22969500000000004,0.089565,0.0,0.25,0.0,0.0,0.0,0.0,0.0,0.0,0.0,0.0,0.0,0.0,0.0,0.25,0.15,0.15,0.15,0.0,1.6666666666666667,0.15,1.0,0.15,0.0,0.0,0.5714285714285714,0.25,0.4107142857142857
SIUE,0.6619799999999999,0.0,0.6619799999999999,0.500375,0.9216999999999999,0.75,0.05,0.0,0.0,0.0,0.0,0.0,0.0,0.0,0.0,0.0,0.0,0.65,0.2,0.15,0.15,0.0,3.25,0.15,1.0,0.15,0.0,0.0,0.5714285714285714,0.25,0.4107142857142857
SMU,0.3884149999999999,0.0,0.3884149999999999,0.19261,0.90846,0.5,0.1,0.0,0.0,0.0,0.0,0.0,0.0,0.0,0.0,0.0,0.0,0.5,0.15,0.2,0.15,0.05000000000000002,3.3333333333333335,0.15,1.0,0.15,0.0,0.0,0.5714285714285714,0.25,0.4107142857142857
Sacramento St.,0.37421499999999996,0.0,0.37421499999999996,0.197395,0.379,0.5,0.05,0.0,0.0,0.0,0.0,0.0,0.0,0.0,0.0,0.0,0.0,0.3,0.15,0.15,0.05,0.09999999999999999,2.0,0.35,1.0,0.05,0.0,0.0,0.5714285714285714,0.25,0.4107142857142857
Sacred Heart,0.7981199999999999,0.0,0.7981199999999999,0.6647100000000001,0.9762600000000001,0.85,0.0,0.0,0.0,0.0,0.0,0.0,0.0,0.0,0.0,0.0,0.0,0.55,0.15,0.15,0.1,0.04999999999999999,3.666666666666667,0.15,1.0,0.1,0.0,0.0,0.5714285714285714,0.25,0.4107142857142857
Saint Francis,0.125165,0.0,0.125165,-0.03076,-0.043399999999999994,0.3,0.2,0.0,0.0,0.0,0.0,0.0,0.0,0.0,0.0,0.0,0.0,0.25,0.25,0.2,0.05,0.15000000000000002,1.0,0.2,1.0,0.1,0.0,0.0,0.5714285714285714,0.25,0.4107142857142857
Saint Joseph's,0.15464499999999998,0.0,0.15464499999999998,0.0034899999999999987,-0.11438,0.3,0.15,0.05,0.0,0.0,0.0,0.0,0.0,0.0,0.0,0.025,0.0,0.3,0.15,0.15,0.15,0.0,2.0,0.25,1.0,0.35,0.0,0.0,0.5714285714285714,0.25,0.4107142857142857
Saint Louis,0.14019,0.0,0.14019,-0.028440000000000003,-0.12328000000000001,0.35,0.2,0.0,0.0,0.0,0.0,0.0,0.0,0.0,0.0,0.0,0.0,0.25,0.15,0.15,0.15,0.0,1.6666666666666667,0.2,1.0,0.4,0.0,0.0,0.5714285714285714,0.25,0.4107142857142857
Saint Mary's,0.25336499999999995,0.0,0.25336499999999995,0.049905000000000005,0.22908,0.45,0.1,0.0,0.0,0.0,0.0,0.0,0.0,0.0,0.0,0.0,0.0,0.2,0.15,0.15,0.1,0.04999999999999999,1.3333333333333335,0.3,1.0,0.4,0.0,0.0,0.5714285714285714,0.25,0.4107142857142857
Saint Peter's,0.20194499999999999,0.0,0.20194499999999999,0.11737,-0.18626,0.4,0.15,0.0,0.0,0.0,0.0,0.0,0.0,0.0,0.0,0.0,0.0,0.3,0.15,0.15,0.1,0.04999999999999999,2.0,0.2,1.0,0.1,0.0,0.0,0.5714285714285714,0.25,0.4107142857142857
Sam Houston,0.50661,0.0,0.50661,0.29862,0.36868,0.55,0.0,0.0,0.0,0.0,0.0,0.0,0.0,0.0,0.0,0.0,0.0,0.55,0.15,0.15,0.1,0.04999999999999999,3.666666666666667,0.15,1.0,0.1,0.0,0.0,0.5714285714285714,0.25,0.4107142857142857
Samford,0.5041,0.0,0.5041,0.31984499999999993,0.55302,0.6,0.0,0.0,0.0,0.0,0.0,0.0,0.0,0.0,0.0,0.0,0.0,0.45,0.15,0.15,0.1,0.04999999999999999,3.0,0.2,1.0,0.1,0.0,0.0,0.5714285714285714,0.25,0.4107142857142857
San Diego,0.259975,0.0,0.259975,0.001045000000000003,0.43832000000000004,0.5,0.1,0.0,0.0,0.0,0.0,0.0,0.0,0.0,0.0,0.0,0.0,0.25,0.15,0.15,0.15,0.0,1.6666666666666667,0.25,1.0,0.4,0.0,0.0,0.5714285714285714,0.25,0.4107142857142857
San Diego St.,0.22029499999999996,0.0,0.22029499999999996,-0.023215000000000003,0.039959999999999996,0.35,0.1,0.0,0.0,0.0,0.0,0.0,0.0,0.0,0.0,0.0,0.0,0.15,0.15,0.15,0.15,0.0,1.0,0.15,1.0,0.3,0.0,0.0,0.5714285714285714,0.25,0.4107142857142857
San Fran.,0.18116499999999996,0.0,0.18116499999999996,0.038545,0.16632,0.25,0.1,0.0,0.0,0.0,0.0,0.0,0.0,0.0,0.0,0.0,0.0,0.2,0.15,0.2,0.1,0.1,1.3333333333333335,0.2,1.0,0.1,0.0,0.0,0.5714285714285714,0.25,0.4107142857142857
San Jose St.,0.376405,0.0,0.376405,0.176045,0.6702,0.5,0.1,0.0,0.0,0.0,0.0,0.0,0.0,0.0,0.0,0.0,0.0,0.4,0.15,0.2,0.15,0.05000000000000002,2.666666666666667,0.2,1.0,0.15,0.0,0.0,0.5714285714285714,0.25,0.4107142857142857
Santa Clara,0.266695,0.0,0.266695,0.050085000000000005,0.11717999999999999,0.45,0.1,0.0,0.0,0.0,0.0,0.0,0.0,0.0,0.0,0.0,0.0,0.25,0.15,0.15,0.1,0.04999999999999999,1.6666666666666667,0.15,1.0,0.15,0.0,0.0,0.5714285714285714,0.25,0.4107142857142857
Seattle,0.4817349999999999,0.0,0.4817349999999999,0.26648499999999997,0.48016,0.55,0.0,0.0,0.0,0.0,0.0,0.0,0.0,0.0,0.0,0.0,0.0,0.45,0.15,0.2,0.1,0.1,3.0,0.15,1.0,0.1,0.0,0.0,0.5714285714285714,0.25,0.4107142857142857
Seton Hall,0.28446000000000005,0.0,0.28446000000000005,0.12427499999999998,0.3792,0.4,0.0,0.0,0.0,0.0,0.0,0.0,0.0,0.0,0.0,0.0,0.0,0.3,0.15,0.2,0.1,0.1,2.0,0.3,1.0,0.3,0.0,0.0,0.5714285714285714,0.25,0.4107142857142857
Siena,0.5321899999999999,0.0,0.5321899999999999,0.292195,0.81372,0.7,0.1,0.0,0.0,0.0,0.0,0.0,0.0,0.0,0.0,0.0,0.0,0.5,0.15,0.15,0.1,0.04999999999999999,3.3333333333333335,0.15,1.0,0.15,0.0,0.0,0.5714285714285714,0.25,0.4107142857142857
So. Indiana,0.28989,0.0,0.28989,0.16559500000000002,-0.0637,0.45,0.05,0.05,0.0,0.0,0.0,0.0,0.0,0.0,0.0,0.025,0.0,0.2,0.2,0.2,0.1,0.1,1.0,0.25,1.0,0.35,0.0,0.0,0.5714285714285714,0.25,0.4107142857142857
So. Miss,0.08547,0.0,0.08547,-0.04987500000000002,0.22084,0.35,0.4,0.05,0.0,0.0,0.0,0.0,0.0,0.0,0.0,0.025,0.0,0.2,0.15,0.15,0.1,0.04999999999999999,1.3333333333333335,0.2,1.0,0.2,0.0,0.0,0.5714285714285714,0.25,0.4107142857142857
So. Utah,0.26715500000000003,0.0,0.26715500000000003,0.07859000000000001,-0.068,0.35,0.05,0.0,0.0,0.0,0.0,0.0,0.0,0.0,0.0,0.0,0.0,0.3,0.15,0.15,0.05,0.09999999999999999,2.0,0.15,1.0,0.2,0.0,0.0,0.5714285714285714,0.25,0.4107142857142857
South Alabama,0.35846,0.0,0.35846,0.177495,0.32821999999999996,0.45,0.15,0.0,0.0,0.0,0.0,0.0,0.0,0.0,0.0,0.0,0.0,0.35,0.15,0.15,0.15,0.0,2.3333333333333335,0.2,1.0,0.2,0.0,0.0,0.5714285714285714,0.25,0.4107142857142857
South Dakota,0.252485,0.0,0.252485,0.09390999999999998,0.31338,0.5,0.1,0.05,0.0,0.0,0.0,0.0,0.0,0.0,0.0,0.025,0.0,0.25,0.15,0.2,0.1,0.1,1.6666666666666667,0.15,1.0,0.45,0.0,0.0,0.5714285714285714,0.25,0.4107142857142857
South Florida,0.23823499999999997,0.0,0.23823499999999997,0.07245499999999999,0.16065999999999997,0.35,0.05,0.0,0.0,0.0,0.0,0.0,0.0,0.0,0.0,0.0,0.0,0.25,0.15,0.25,0.05,0.2,1.6666666666666667,0.25,1.0,0.15,0.0,0.0,0.5714285714285714,0.25,0.4107142857142857
Southern U.,0.3023882352941176,0.0,0.3023882352941176,0.12588823529411766,0.18434,0.4117647058823529,0.058823529411764705,0.0,0.0,0.0,0.0,0.0,0.0,0.0,0.0,0.0,0.0,0.35294117647058826,0.11764705882352941,0.11764705882352941,0.058823529411764705,0.058823529411764705,3.0000000000000004,0.11764705882352941,1.0,0.058823529411764705,0.0,0.0,0.4857142857142857,0.25,0.3678571428571429
St. Bona.,0.5265949999999999,0.0,0.5265949999999999,0.28467,0.73736,0.7,0.05,0.05,0.0,0.0,0.0,0.0,0.0,0.0,0.0,0.025,0.0,0.45,0.15,0.25,0.1,0.15,3.0,0.2,1.0,0.2,0.0,0.0,0.5714285714285714,0.25,0.4107142857142857
St. John's,0.20411,0.0,0.20411,0.0595,-0.05129999999999999,0.45,0.25,0.0,0.0,0.0,0.0,0.0,0.0,0.0,0.0,0.0,0.0,0.25,0.15,0.15,0.15,0.0,1.6666666666666667,0.15,1.0,0.35,0.0,0.0,0.5714285714285714,0.25,0.4107142857142857
St. Thomas (MN),0.32672,0.0,0.32672,0.12693500000000002,0.0,0.4,0.0,0.0,0.0,0.0,0.0,0.0,0.0,0.0,0.0,0.0,0.0,0.2,0.15,0.15,0.1,0.04999999999999999,1.3333333333333335,0.15,1.0,0.15,0.0,0.0,0.5714285714285714,0.25,0.4107142857142857
Stanford,0.142365,0.0,0.142365,0.04313,-0.25476,0.3,0.15,0.0,0.0,0.0,0.0,0.0,0.0,0.0,0.0,0.0,0.0,0.2,0.15,0.15,0.05,0.09999999999999999,1.3333333333333335,0.2,1.0,0.05,0.05,0.0,0.5714285714285714,0.25,0.4107142857142857
Stetson,0.42308500000000004,0.0,0.42308500000000004,0.23292000000000002,0.0,0.5,0.05,0.0,0.0,0.0,0.0,0.0,0.0,0.0,0.0,0.0,0.0,0.4,0.15,0.15,0.15,0.0,2.666666666666667,0.15,1.0,0.15,0.0,0.0,0.5714285714285714,0.25,0.4107142857142857
Stonehill,0.4823199999999999,0.0,0.4823199999999999,0.250875,0.8554999999999999,0.65,0.05,0.0,0.0,0.0,0.0,0.0,0.0,0.0,0.0,0.0,0.0,0.15,0.15,0.15,0.15,0.0,1.0,0.2,1.0,0.2,0.0,0.0,0.5714285714285714,0.25,0.4107142857142857
Stony Brook,0.5626099999999999,0.0,0.5626099999999999,0.37113499999999994,0.55302,0.7,0.05,0.0,0.0,0.0,0.0,0.0,0.0,0.0,0.0,0.0,0.0,0.55,0.15,0.15,0.15,0.0,3.666666666666667,0.15,1.0,0.15,0.0,0.0,0.5714285714285714,0.25,0.4107142857142857
Syracuse,0.327115,0.0,0.327115,0.188135,-0.004020000000000001,0.45,0.05,0.0,0.0,0.0,0.0,0.0,0.0,0.0,0.0,0.0,0.0,0.2,0.15,0.25,0.05,0.2,1.3333333333333335,0.4,1.0,0.1,0.0,0.0,0.5714285714285714,0.25,0.4107142857142857
TCU,0.09672499999999999,0.0,0.09672499999999999,-0.046645000000000006,-0.012619999999999987,0.25,0.2,0.0,0.0,0.0,0.0,0.0,0.0,0.0,0.0,0.0,0.0,0.15,0.2,0.15,0.15,0.0,0.7499999999999999,0.25,1.0,0.15,0.0,0.0,0.5714285714285714,0.25,0.4107142857142857
TX A&M-CC,0.6287599999999999,0.0,0.6287599999999999,0.431345,0.7210599999999999,0.7,0.0,0.0,0.0,0.0,0.0,0.0,0.0,0.0,0.0,0.0,0.0,0.6,0.15,0.15,0.15,0.0,4.0,0.15,1.0,0.15,0.0,0.0,0.5714285714285714,0.25,0.4107142857142857
Tarleton St.,0.27641,0.0,0.27641,0.101505,0.15056,0.35,0.2,0.0,0.0,0.0,0.0,0.0,0.0,0.0,0.0,0.0,0.0,0.15,0.15,0.15,0.15,0.0,1.0,0.3,1.0,0.25,0.0,0.0,0.5714285714285714,0.25,0.4107142857142857
Temple,0.111075,0.0,0.111075,-0.03117499999999999,0.037540000000000004,0.25,0.15,0.0,0.0,0.0,0.0,0.0,0.0,0.0,0.0,0.0,0.0,0.15,0.15,0.2,0.1,0.1,1.0,0.25,1.0,0.1,0.0,0.0,0.5714285714285714,0.25,0.4107142857142857
Tenn. State,0.231845,0.0,0.231845,0.069385,0.035539999999999995,0.35,0.15,0.0,0.0,0.0,0.0,0.0,0.0,0.0,0.0,0.0,0.0,0.25,0.15,0.25,0.1,0.15,1.6666666666666667,0.45,1.0,0.15,0.0,0.0,0.5714285714285714,0.25,0.4107142857142857
Tenn. Tech,0.28118999999999994,0.0,0.28118999999999994,0.11144499999999999,-0.059199999999999996,0.35,0.1,0.0,0.0,0.0,0.0,0.0,0.0,0.0,0.0,0.0,0.0,0.35,0.15,0.15,0.1,0.04999999999999999,2.3333333333333335,0.25,1.0,0.1,0.0,0.0,0.5714285714285714,0.25,0.4107142857142857
Tennessee,0.12891,0.0,0.12891,-0.037655,-0.17538,0.5,0.25,0.0,0.0,0.0,0.0,0.0,0.0,0.0,0.0,0.0,0.0,0.3,0.15,0.15,0.15,0.0,2.0,0.2,1.0,0.3,0.0,0.0,0.5714285714285714,0.25,0.4107142857142857
Texas,0.308755,0.0,0.308755,0.07072,0.5021599999999999,0.55,0.1,0.0,0.0,0.0,0.0,0.0,0.0,0.0,0.0,0.0,0.0,0.25,0.15,0.15,0.15,0.0,1.6666666666666667,0.3,1.0,0.6,0.0,0.0,0.5714285714285714,0.25,0.4107142857142857
Texas A&M,0.140475,0.0,0.140475,-0.029474999999999994,0.09047999999999999,0.3,0.2,0.0,0.0,0.0,0.0,0.0,0.0,0.0,0.0,0.0,0.0,0.25,0.2,0.2,0.1,0.1,1.25,0.25,1.0,0.2,0.0,0.0,0.5714285714285714,0.25,0.4107142857142857
Texas So.,0.171805,0.0,0.171805,0.035780000000000006,0.22908,0.5,0.2,0.0,0.0,0.0,0.0,0.0,0.0,0.0,0.0,0.0,0.0,0.15,0.15,0.15,0.1,0.04999999999999999,1.0,0.2,1.0,0.55,0.0,0.0,0.5714285714285714,0.25,0.4107142857142857
Texas St.,0.408975,0.0,0.408975,0.136805,0.35803999999999997,0.7,0.05,0.0,0.0,0.0,0.0,0.0,0.0,0.0,0.0,0.0,0.0,0.2,0.15,0.15,0.1,0.04999999999999999,1.3333333333333335,0.35,1.0,0.65,0.0,0.0,0.5714285714285714,0.25,0.4107142857142857
Texas Tech,0.22442000000000006,0.0,0.22442000000000006,0.013250000000000001,0.07783999999999999,0.5,0.15,0.1,0.0,0.0,0.0,0.0,0.0,0.0,0.0,0.05,0.0,0.3,0.15,0.15,0.1,0.04999999999999999,2.0,0.15,1.0,0.4,0.0,0.0,0.5714285714285714,0.25,0.4107142857142857
The Citadel,0.45447999999999994,0.0,0.45447999999999994,0.226805,0.18434,0.6,0.1,0.05,0.0,0.0,0.0,0.0,0.0,0.0,0.0,0.025,0.0,0.4,0.15,0.15,0.15,0.0,2.666666666666667,0.2,1.0,0.2,0.0,0.0,0.5714285714285714,0.25,0.4107142857142857
Toledo,0.406675,0.0,0.406675,0.26277999999999996,0.18434,0.5,0.0,0.0,0.0,0.0,0.0,0.0,0.0,0.0,0.0,0.0,0.0,0.3,0.15,0.15,0.15,0.0,2.0,0.15,1.0,0.15,0.0,0.0,0.5714285714285714,0.25,0.4107142857142857
Towson,0.5336549999999999,0.0,0.5336549999999999,0.31581499999999996,0.8427,0.6,0.0,0.0,0.0,0.0,0.0,0.0,0.0,0.0,0.0,0.0,0.0,0.5,0.15,0.15,0.15,0.0,3.3333333333333335,0.15,1.0,0.15,0.0,0.0,0.5714285714285714,0.25,0.4107142857142857
Troy,0.38689999999999997,0.0,0.38689999999999997,0.17173500000000003,0.73304,0.55,0.15,0.0,0.0,0.0,0.0,0.0,0.0,0.0,0.0,0.0,0.0,0.5,0.15,0.15,0.1,0.04999999999999999,3.3333333333333335,0.15,1.0,0.15,0.0,0.0,0.5714285714285714,0.25,0.4107142857142857
Tulane,0.341865,0.0,0.341865,0.20647000000000001,0.9216999999999999,0.6,0.25,0.0,0.0,0.0,0.0,0.0,0.0,0.0,0.0,0.0,0.0,0.6,0.15,0.2,0.1,0.1,4.0,0.2,1.0,0.1,0.0,0.0,0.5714285714285714,0.25,0.4107142857142857
Tulsa,0.25171,0.0,0.25171,0.12732000000000002,0.0,0.35,0.1,0.0,0.0,0.0,0.0,0.0,0.0,0.0,0.0,0.0,0.0,0.3,0.15,0.15,0.15,0.0,2.0,0.15,1.0,0.15,0.0,0.0,0.5714285714285714,0.25,0.4107142857142857
UAB,0.6911549999999999,0.0,0.6911549999999999,0.486315,0.9216999999999999,0.8,0.0,0.0,0.0,0.0,0.0,0.0,0.0,0.0,0.0,0.0,0.0,0.75,0.15,0.15,0.15,0.0,5.0,0.15,1.0,0.1,0.0,0.0,0.5714285714285714,0.25,0.4107142857142857
UAlbany,0.22768000000000002,0.0,0.22768000000000002,0.071525,0.27496,0.35,0.1,0.0,0.0,0.0,0.0,0.0,0.0,0.0,0.0,0.0,0.0,0.15,0.15,0.15,0.1,0.04999999999999999,1.0,0.25,1.0,0.1,0.0,0.0,0.5714285714285714,0.25,0.4107142857142857
UC Davis,0.7764,0.0,0.7764,0.5812800000000001,0.9216999999999999,0.85,0.0,0.0,0.0,0.0,0.0,0.0,0.0,0.0,0.0,0.0,0.0,0.8,0.15,0.15,0.1,0.04999999999999999,5.333333333333334,0.15,1.0,0.1,0.0,0.0,0.5714285714285714,0.25,0.4107142857142857
UC Irvine,0.6471199999999999,0.0,0.6471199999999999,0.465305,0.9216999999999999,0.75,0.0,0.0,0.0,0.0,0.0,0.0,0.0,0.0,0.0,0.0,0.0,0.65,0.15,0.15,0.1,0.04999999999999999,4.333333333333334,0.15,1.0,0.15,0.0,0.0,0.5714285714285714,0.25,0.4107142857142857
UC Riverside,0.41678999999999994,0.0,0.41678999999999994,0.240095,0.18434,0.45,0.0,0.0,0.0,0.0,0.0,0.0,0.0,0.0,0.0,0.0,0.0,0.4,0.15,0.15,0.1,0.04999999999999999,2.666666666666667,0.15,1.0,0.1,0.0,0.0,0.5714285714285714,0.25,0.4107142857142857
UC San Diego,0.274995,0.0,0.274995,0.118045,-0.13528,0.35,0.1,0.0,0.0,0.0,0.0,0.0,0.0,0.0,0.0,0.0,0.0,0.4,0.15,0.15,0.1,0.04999999999999999,2.666666666666667,0.25,1.0,0.15,0.0,0.0,0.5714285714285714,0.25,0.4107142857142857
UCF,0.29903,0.0,0.29903,0.11173999999999999,-0.02054,0.4,0.05,0.0,0.0,0.0,0.0,0.0,0.0,0.0,0.0,0.0,0.0,0.25,0.15,0.2,0.1,0.1,1.6666666666666667,0.15,1.0,0.25,0.0,0.0,0.5714285714285714,0.25,0.4107142857142857
UCLA,0.21459,0.0,0.21459,0.03163500000000001,0.05030000000000001,0.4,0.1,0.0,0.0,0.0,0.0,0.0,0.0,0.0,0.0,0.0,0.0,0.2,0.15,0.15,0.15,0.0,1.3333333333333335,0.2,1.0,0.15,0.0,0.0,0.5714285714285714,0.25,0.4107142857142857
UCSB,0.7407799999999998,0.0,0.7407799999999998,0.514485,0.8693,0.85,0.05,0.0,0.0,0.0,0.0,0.0,0.0,0.0,0.0,0.0,0.0,0.8,0.15,0.15,0.1,0.04999999999999999,5.333333333333334,0.2,1.0,0.15,0.0,0.0,0.5714285714285714,0.25,0.4107142857142857
UConn,0.37222999999999995,0.0,0.37222999999999995,0.15912,0.0843,0.55,0.05,0.0,0.0,0.0,0.0,0.0,0.0,0.0,0.0,0.0,0.0,0.4,0.15,0.25,0.15,0.1,2.666666666666667,0.2,1.0,0.25,0.0,0.0,0.5714285714285714,0.25,0.4107142857142857
UIC,0.31379999999999997,0.0,0.31379999999999997,0.11170500000000001,0.0,0.4,0.05,0.0,0.0,0.0,0.0,0.0,0.0,0.0,0.0,0.0,0.0,0.15,0.15,0.15,0.1,0.04999999999999999,1.0,0.2,1.0,0.1,0.0,0.0,0.5714285714285714,0.25,0.4107142857142857
UL-Monroe,0.18227500000000002,0.0,0.18227500000000002,0.03929499999999999,-0.17759999999999998,0.3,0.2,0.0,0.0,0.0,0.0,0.0,0.0,0.0,0.0,0.0,0.0,0.15,0.15,0.25,0.15,0.1,1.0,0.25,1.0,0.15,0.0,0.0,0.5714285714285714,0.25,0.4107142857142857
UMBC,0.12785499999999997,0.0,0.12785499999999997,0.01605499999999999,-0.6119,0.3,0.25,0.0,0.0,0.0,0.0,0.0,0.0,0.0,0.0,0.0,0.0,0.45,0.15,0.2,0.15,0.05000000000000002,3.0,0.15,1.0,0.15,0.0,0.0,0.5714285714285714,0.25,0.4107142857142857
UMass Lowell,0.22899000000000003,0.0,0.22899000000000003,0.132515,0.0,0.25,0.0,0.0,0.0,0.0,0.0,0.0,0.0,0.0,0.0,0.0,0.0,0.15,0.15,0.15,0.15,0.0,1.0,0.15,1.0,0.2,0.0,0.0,0.5714285714285714,0.25,0.4107142857142857
UNC-Ash.,0.41651499999999997,0.0,0.41651499999999997,0.223095,0.36868,0.45,0.0,0.0,0.0,0.0,0.0,0.0,0.0,0.0,0.0,0.0,0.0,0.4,0.15,0.15,0.1,0.04999999999999999,2.666666666666667,0.2,1.0,0.15,0.0,0.0,0.5714285714285714,0.25,0.4107142857142857
UNCG,0.6889899999999999,0.0,0.6889899999999999,0.47923,0.9216999999999999,0.8,0.0,0.0,0.0,0.0,0.0,0.0,0.0,0.0,0.0,0.0,0.0,0.7,0.15,0.15,0.1,0.04999999999999999,4.666666666666667,0.15,1.0,0.2,0.0,0.0,0.5714285714285714,0.25,0.4107142857142857
UNCW,0.6935899999999999,0.0,0.6935899999999999,0.48444000000000004,0.9216999999999999,0.75,0.0,0.0,0.0,0.0,0.0,0.0,0.0,0.0,0.0,0.0,0.0,0.7,0.15,0.15,0.1,0.04999999999999999,4.666666666666667,0.25,1.0,0.1,0.0,0.0,0.5714285714285714,0.25,0.4107142857142857
UNLV,0.5189299999999999,0.0,0.5189299999999999,0.28684499999999996,0.7468199999999999,0.65,0.05,0.0,0.0,0.0,0.0,0.0,0.0,0.0,0.0,0.0,0.0,0.5,0.15,0.15,0.15,0.0,3.3333333333333335,0.2,1.0,0.15,0.0,0.0,0.5714285714285714,0.25,0.4107142857142857
USC,0.13494500000000004,0.0,0.13494500000000004,0.003345000000000003,0.08668,0.35,0.1,0.0,0.0,0.0,0.0,0.0,0.0,0.0,0.0,0.0,0.0,0.15,0.15,0.2,0.15,0.05000000000000002,1.0,0.2,1.0,0.35,0.0,0.0,0.5714285714285714,0.25,0.4107142857142857
UT Arlington,0.358205,0.0,0.358205,0.20354999999999998,0.11484000000000001,0.5,0.1,0.0,0.0,0.0,0.0,0.0,0.0,0.0,0.0,0.0,0.0,0.2,0.2,0.15,0.1,0.04999999999999999,1.0,0.15,1.0,0.1,0.0,0.0,0.5714285714285714,0.25,0.4107142857142857
UT Martin,0.21347999999999998,0.0,0.21347999999999998,0.075625,0.0,0.35,0.1,0.0,0.0,0.0,0.0,0.0,0.0,0.0,0.0,0.0,0.0,0.15,0.15,0.2,0.05,0.15000000000000002,1.0,0.15,1.0,0.05,0.0,0.0,0.5714285714285714,0.25,0.4107142857142857
UT-Rio Grande Valley,0.359755,0.0,0.359755,0.21220499999999998,0.0,0.45,0.0,0.0,0.0,0.0,0.0,0.0,0.0,0.0,0.0,0.0,0.0,0.2,0.15,0.15,0.15,0.0,1.3333333333333335,0.15,1.0,0.2,0.0,0.0,0.5714285714285714,0.25,0.4107142857142857
UTEP,0.5896549999999999,0.0,0.5896549999999999,0.37615499999999996,0.36868,0.65,0.0,0.0,0.0,0.0,0.0,0.0,0.0,0.0,0.0,0.0,0.0,0.5,0.15,0.15,0.1,0.04999999999999999,3.3333333333333335,0.15,1.0,0.1,0.0,0.0,0.5714285714285714,0.25,0.4107142857142857
UTSA,0.48439999999999994,0.0,0.48439999999999994,0.26363,0.65696,0.55,0.0,0.0,0.0,0.0,0.0,0.0,0.0,0.0,0.0,0.0,0.0,0.3,0.15,0.15,0.1,0.04999999999999999,2.0,0.25,1.0,0.1,0.0,0.0,0.5714285714285714,0.25,0.4107142857142857
Utah,0.3562,0.0,0.3562,0.110115,0.0,0.45,0.0,0.0,0.0,0.0,0.0,0.0,0.0,0.0,0.0,0.0,0.0,0.25,0.15,0.15,0.05,0.09999999999999999,1.6666666666666667,0.2,1.0,0.15,0.0,0.0,0.5714285714285714,0.25,0.4107142857142857
Utah St.,0.37636499999999995,0.0,0.37636499999999995,0.154895,0.15272,0.65,0.05,0.0,0.0,0.0,0.0,0.0,0.0,0.0,0.0,0.0,0.0,0.3,0.15,0.15,0.15,0.0,2.0,0.45,1.0,0.5,0.0,0.0,0.5714285714285714,0.25,0.4107142857142857
Utah Tech,0.27448,0.0,0.27448,0.07653,0.1645,0.4,0.1,0.0,0.0,0.0,0.0,0.0,0.0,0.0,0.0,0.0,0.0,0.25,0.15,0.15,0.15,0.0,1.6666666666666667,0.15,1.0,0.2,0.0,0.0,0.5714285714285714,0.25,0.4107142857142857
Utah Valley,0.33514,0.0,0.33514,0.227875,-0.25528,0.5,0.2,0.0,0.0,0.0,0.0,0.0,0.0,0.0,0.0,0.0,0.0,0.45,0.15,0.15,0.1,0.04999999999999999,3.0,0.15,1.0,0.15,0.0,0.0,0.5714285714285714,0.25,0.4107142857142857
VCU,0.151935,0.0,0.151935,-0.01184,0.18002,0.3,0.15,0.0,0.0,0.0,0.0,0.0,0.0,0.0,0.0,0.0,0.0,0.2,0.15,0.15,0.15,0.0,1.3333333333333335,0.15,1.0,0.3,0.0,0.0,0.5714285714285714,0.25,0.4107142857142857
VMI,0.185255,0.0,0.185255,0.051495,0.0,0.25,0.1,0.0,0.0,0.0,0.0,0.0,0.0,0.0,0.0,0.0,0.0,0.15,0.15,0.15,0.1,0.04999999999999999,1.0,0.25,1.0,0.15,0.0,0.0,0.5714285714285714,0.25,0.4107142857142857
Va. Tech,0.31323999999999996,0.0,0.31323999999999996,0.11631499999999999,0.12738,0.45,0.1,0.0,0.0,0.0,0.0,0.0,0.0,0.0,0.0,0.0,0.0,0.3,0.15,0.2,0.1,0.1,2.0,0.2,1.0,0.15,0.0,0.0,0.5714285714285714,0.25,0.4107142857142857
Valparaiso,0.6869699999999999,0.0,0.6869699999999999,0.47163000000000005,0.9216999999999999,0.75,0.0,0.0,0.0,0.0,0.0,0.0,0.0,0.0,0.0,0.0,0.0,0.6,0.15,0.15,0.1,0.04999999999999999,4.0,0.15,1.0,0.1,0.0,0.0,0.5714285714285714,0.25,0.4107142857142857
Vanderbilt,0.24838500000000002,0.0,0.24838500000000002,0.092875,-0.09878,0.45,0.1,0.0,0.0,0.0,0.0,0.0,0.0,0.0,0.0,0.0,0.0,0.3,0.2,0.2,0.05,0.15000000000000002,1.4999999999999998,0.15,1.0,0.3,0.0,0.0,0.5714285714285714,0.25,0.4107142857142857
Vermont,0.60498,0.0,0.60498,0.43082999999999994,0.73736,0.7,0.05,0.0,0.0,0.0,0.0,0.0,0.0,0.0,0.0,0.0,0.0,0.55,0.15,0.15,0.15,0.0,3.666666666666667,0.15,1.0,0.2,0.0,0.0,0.5714285714285714,0.25,0.4107142857142857
Villanova,0.22834500000000002,0.0,0.22834500000000002,0.024439999999999996,0.0,0.3,0.05,0.0,0.0,0.0,0.0,0.0,0.0,0.0,0.0,0.0,0.0,0.15,0.15,0.3,0.15,0.15,1.0,0.3,1.0,0.2,0.0,0.0,0.5714285714285714,0.25,0.4107142857142857
Virginia,0.28588500000000006,0.0,0.28588500000000006,0.112765,0.0,0.45,0.0,0.0,0.0,0.0,0.0,0.0,0.0,0.0,0.0,0.0,0.0,0.15,0.15,0.2,0.05,0.15000000000000002,1.0,0.15,1.0,0.25,0.05,0.0,0.5714285714285714,0.25,0.4107142857142857
W. Carolina,0.231315,0.0,0.231315,0.11386,-0.14006000000000002,0.35,0.1,0.0,0.0,0.0,0.0,0.0,0.0,0.0,0.0,0.0,0.0,0.25,0.15,0.2,0.15,0.05000000000000002,1.6666666666666667,0.15,1.0,0.15,0.0,0.0,0.5714285714285714,0.25,0.4107142857142857
W. Georgia,0.13561499999999999,0.0,0.13561499999999999,-0.039435,0.24552000000000002,0.3,0.15,0.0,0.0,0.0,0.0,0.0,0.0,0.0,0.0,0.0,0.0,0.3,0.15,0.15,0.15,0.0,2.0,0.2,1.0,0.3,0.0,0.0,0.5714285714285714,0.25,0.4107142857142857
W. Illinois,0.16477999999999998,0.0,0.16477999999999998,0.01739,0.0,0.2,0.0,0.0,0.0,0.0,0.0,0.0,0.0,0.0,0.0,0.0,0.0,0.15,0.15,0.15,0.0,0.15,1.0,0.15,0.0,0.1,0.0,0.0,0.5714285714285714,0.25,0.4107142857142857
W. Kentucky,0.10369500000000002,0.0,0.10369500000000002,-0.014580000000000004,-0.0336,0.25,0.15,0.0,0.0,0.0,0.0,0.0,0.0,0.0,0.0,0.0,0.0,0.15,0.15,0.2,0.0,0.2,1.0,0.15,0.0,0.05,0.0,0.0,0.5714285714285714,0.25,0.4107142857142857
W. Michigan,0.29171,0.0,0.29171,0.08928,0.07636,0.45,0.0,0.0,0.0,0.0,0.0,0.0,0.0,0.0,0.0,0.0,0.0,0.25,0.2,0.25,0.15,0.1,1.25,0.25,1.0,0.3,0.05,0.0,0.5714285714285714,0.25,0.4107142857142857
Wagner,0.44262999999999997,0.0,0.44262999999999997,0.19724000000000003,0.2683,0.65,0.1,0.1,0.0,0.0,0.0,0.0,0.0,0.0,0.0,0.05,0.0,0.45,0.2,0.15,0.1,0.04999999999999999,2.25,0.15,1.0,0.15,0.0,0.0,0.5714285714285714,0.25,0.4107142857142857
Wake Forest,0.174415,0.0,0.174415,0.005329999999999999,0.11717999999999999,0.3,0.1,0.05,0.0,0.0,0.0,0.0,0.0,0.0,0.0,0.025,0.0,0.15,0.15,0.25,0.05,0.2,1.0,0.3,1.0,0.1,0.7,0.0,0.5714285714285714,0.25,0.4107142857142857
Wash. St.,0.186665,0.0,0.186665,0.062005,0.0,0.45,0.1,0.0,0.0,0.0,0.0,0.0,0.0,0.0,0.0,0.0,0.0,0.15,0.15,0.15,0.15,0.0,1.0,0.15,1.0,0.45,0.0,0.0,0.5714285714285714,0.25,0.4107142857142857
Washington,0.289575,0.0,0.289575,0.08486000000000002,0.07636,0.4,0.05,0.0,0.0,0.0,0.0,0.0,0.0,0.0,0.0,0.0,0.0,0.15,0.15,0.15,0.1,0.04999999999999999,1.0,0.2,1.0,0.2,0.0,0.0,0.5714285714285714,0.25,0.4107142857142857
Weber St.,0.3762549999999999,0.0,0.3762549999999999,0.18123000000000003,0.18434,0.5,0.0,0.0,0.0,0.0,0.0,0.0,0.0,0.0,0.0,0.0,0.0,0.3,0.15,0.2,0.1,0.1,2.0,0.2,1.0,0.15,0.0,0.0,0.5714285714285714,0.25,0.4107142857142857
West Virginia,0.09118000000000001,0.0,0.09118000000000001,-0.0172,0.04949999999999999,0.4,0.2,0.0,0.0,0.0,0.0,0.0,0.0,0.0,0.0,0.0,0.0,0.15,0.15,0.2,0.15,0.05000000000000002,1.0,0.3,1.0,0.45,0.0,0.0,0.5714285714285714,0.25,0.4107142857142857
Wichita St.,0.24492499999999998,0.0,0.24492499999999998,0.06810000000000001,-0.08666000000000001,0.4,0.15,0.0,0.0,0.0,0.0,0.0,0.0,0.0,0.0,0.0,0.0,0.3,0.2,0.2,0.1,0.1,1.4999999999999998,0.15,1.0,0.1,0.0,0.0,0.5714285714285714,0.25,0.4107142857142857
William & Mary,0.5705699999999999,0.0,0.5705699999999999,0.32338999999999996,0.73736,0.65,0.0,0.0,0.0,0.0,0.0,0.0,0.0,0.0,0.0,0.0,0.0,0.6,0.15,0.15,0.15,0.0,4.0,0.15,1.0,0.25,0.0,0.0,0.5714285714285714,0.25,0.4107142857142857
Winthrop,0.4785549999999999,0.0,0.4785549999999999,0.30714499999999995,0.55302,0.6,0.05,0.0,0.0,0.0,0.0,0.0,0.0,0.0,0.0,0.0,0.0,0.95,0.15,0.15,0.0,0.15,6.333333333333333,0.15,0.0,0.0,0.0,0.0,0.5714285714285714,0.25,0.4107142857142857
Wisconsin,0.10665,0.0,0.10665,-0.07901499999999999,-0.08996000000000001,0.4,0.2,0.0,0.0,0.0,0.0,0.0,0.0,0.0,0.0,0.0,0.0,0.25,0.3,0.15,0.1,0.04999999999999999,0.8333333333333334,0.2,1.0,0.45,0.0,0.0,0.5714285714285714,0.25,0.4107142857142857
Wofford,0.6066799999999999,0.0,0.6066799999999999,0.36393,0.9216999999999999,0.8,0.1,0.0,0.0,0.0,0.0,0.0,0.0,0.0,0.0,0.0,0.0,0.5,0.15,0.15,0.0,0.15,3.3333333333333335,0.25,1.0,0.05,0.0,0.0,0.5714285714285714,0.25,0.4107142857142857
Wright St.,0.28244499999999995,0.0,0.28244499999999995,0.104135,0.15272,0.45,0.1,0.0,0.0,0.0,0.0,0.0,0.0,0.0,0.0,0.0,0.0,0.2,0.15,0.15,0.15,0.0,1.3333333333333335,0.15,1.0,0.25,0.0,0.0,0.5714285714285714,0.25,0.4107142857142857
Wyoming,0.3978499999999999,0.0,0.3978499999999999,0.21906499999999998,0.46044,0.45,0.0,0.0,0.0,0.0,0.0,0.0,0.0,0.0,0.0,0.0,0.0,0.4,0.15,0.15,0.1,0.04999999999999999,2.666666666666667,0.15,1.0,0.1,0.0,0.0,0.5714285714285714,0.25,0.4107142857142857
Xavier,0.22025999999999998,0.0,0.22025999999999998,0.019094999999999997,0.03513999999999999,0.35,0.1,0.0,0.0,0.0,0.0,0.0,0.0,0.0,0.0,0.0,0.0,0.35,0.2,0.15,0.05,0.09999999999999999,1.7499999999999998,0.15,1.0,0.1,0.0,0.0,0.5714285714285714,0.25,0.4107142857142857
Yale,0.64889,0.0,0.64889,0.40325,0.73502,0.75,0.0,0.0,0.0,0.0,0.0,0.0,0.0,0.0,0.0,0.0,0.0,0.5,0.15,0.25,0.15,0.1,3.3333333333333335,0.2,1.0,0.15,0.0,0.0,0.5714285714285714,0.25,0.4107142857142857
Youngstown St.,0.46629,0.0,0.46629,0.27171,0.74364,0.5,0.0,0.0,0.0,0.0,0.0,0.0,0.0,0.0,0.0,0.0,0.0,0.5,0.15,0.15,0.15,0.0,3.3333333333333335,0.15,1.0,0.2,0.0,0.0,0.5714285714285714,0.25,0.4107142857142857
